casilla,secn,pan,prd,prs,pri-pvem-panal,pt-conve,nr,nul,mun
001-B,1,78,85,1,193,1,0,5,ACAPONETA
002-B,2,78,72,1,155,4,0,7,ACAPONETA
002-E,2,56,59,1,148,0,0,5,ACAPONETA
003-B,3,98,149,1,296,7,0,8,ACAPONETA
003-C,3,101,120,2,282,4,0,17,ACAPONETA
004-B,4,93,80,2,262,2,0,0,ACAPONETA
005-B,5,151,93,1,308,0,0,17,ACAPONETA
006-B,6,110,28,3,194,3,0,0,ACAPONETA
007-B,7,141,49,3,179,3,0,7,ACAPONETA
008-B,8,176,72,1,286,1,0,14,ACAPONETA
009-B,9,140,51,2,219,9,0,5,ACAPONETA
009-C,9,146,52,1,256,3,0,8,ACAPONETA
010-B,10,197,76,5,328,7,0,20,ACAPONETA
011-B,11,76,26,2,155,2,0,6,ACAPONETA
012-B,12,142,65,1,263,2,0,0,ACAPONETA
013-B,13,174,57,0,207,2,0,12,ACAPONETA
014-B,14,55,21,7,102,2,0,2,ACAPONETA
015-B,15,91,57,1,183,4,0,4,ACAPONETA
016-B,16,200,60,3,278,17,0,6,ACAPONETA
017-B,17,170,81,1,252,1,0,0,ACAPONETA
018-B,18,152,67,2,264,1,0,0,ACAPONETA
019-B,19,28,7,0,57,0,0,5,ACAPONETA
020-B,20,57,4,0,49,0,0,5,ACAPONETA
020-E,20,35,1,0,35,0,0,2,ACAPONETA
021-B,21,142,4,0,188,2,0,14,ACAPONETA
022-B,22,63,7,0,82,1,0,0,ACAPONETA
023-B,23,86,96,6,131,0,0,18,ACAPONETA
023-E,23,42,21,3,44,0,0,0,ACAPONETA
024-B,24,113,38,1,244,4,0,24,ACAPONETA
024-E,24,42,16,0,75,0,0,7,ACAPONETA
025-B,25,20,15,0,44,0,0,0,ACAPONETA
026-B,26,50,17,2,52,0,0,0,ACAPONETA
027-B,27,6,50,3,142,0,0,4,ACAPONETA
027-E,27,19,9,0,43,0,0,1,ACAPONETA
028-B,28,26,50,2,129,0,0,6,ACAPONETA
029-B,29,19,7,1,45,0,0,0,ACAPONETA
029-E,29,9,4,0,24,0,0,0,ACAPONETA
030-B,30,57,7,0,70,0,0,0,ACAPONETA
031-B,31,39,3,0,203,0,0,6,ACAPONETA
032-B,32,64,3,0,206,2,0,0,ACAPONETA
033-B,33,154,131,1,222,5,1,13,ACAPONETA
034-B,34,37,8,0,91,1,0,4,ACAPONETA
034-E,34,24,12,1,18,1,0,0,ACAPONETA
035-B,35,12,7,0,44,0,0,8,ACAPONETA
036-B,36,162,82,5,259,0,0,32,ACAPONETA
037-B,37,28,47,1,109,0,0,0,ACAPONETA
038-B,38,194,104,1,349,0,0,22,ACAPONETA
039-B,39,216,62,2,260,1,1,16,ACAPONETA
040-B,40,104,67,3,239,1,1,13,ACAPONETA
040-E,40,66,9,0,60,1,0,2,ACAPONETA
041-B,41,79,33,2,124,0,0,0,ACAPONETA
042-B,42,10,21,4,25,0,0,2,ACAPONETA
043-B,43,111,92,7,230,6,0,0,ACAPONETA
044-B,44,18,5,0,71,0,0,3,ACAPONETA
045-B,45,46,55,0,45,1,0,0,ACAPONETA
046-B,46,272,66,18,167,1,0,46,ACAPONETA
047-B,47,134,94,3,179,2,0,0,ACAPONETA
047-E,47,30,5,0,26,0,0,1,ACAPONETA
048-B,48,50,14,1,57,1,0,0,ACAPONETA
049-B,49,183,26,2,188,8,0,15,AHUACATLÁN
050-B,50,280,37,2,166,15,0,18,AHUACATLÁN
051-B,51,237,36,0,190,8,1,16,AHUACATLÁN
052-B,52,153,13,1,176,17,0,12,AHUACATLÁN
052-C,52,148,21,5,160,16,0,14,AHUACATLÁN
053-B,53,140,19,0,136,10,0,8,AHUACATLÁN
053-C,53,170,17,1,146,10,0,4,AHUACATLÁN
054-B,54,209,25,2,150,17,0,0,AHUACATLÁN
054-C,54,201,23,0,141,13,1,10,AHUACATLÁN
055-B,55,89,6,0,91,3,0,5,AHUACATLÁN
056-B,56,204,5,0,236,14,0,12,AHUACATLÁN
057-B,57,202,25,0,337,11,0,10,AHUACATLÁN
058-B,58,135,21,1,184,9,0,9,AHUACATLÁN
059-B,59,158,52,0,242,9,2,16,AHUACATLÁN
059-C,59,182,31,0,217,8,0,0,AHUACATLÁN
060-B,60,119,31,2,227,5,0,16,AHUACATLÁN
061-B,61,159,35,0,266,12,0,20,AHUACATLÁN
061-E,61,33,3,0,60,2,0,5,AHUACATLÁN
062-B,62,62,6,1,80,4,0,9,AHUACATLÁN
063-B,63,42,13,1,129,8,1,1,AHUACATLÁN
064-B,64,40,12,1,98,2,0,8,AHUACATLÁN
065-B,65,104,20,0,169,5,2,11,AHUACATLÁN
065-E,65,29,7,0,118,9,0,4,AHUACATLÁN
066-B,66,161,8,21,113,5,0,13,AMATLÁN DE CAÑAS
067-B,67,289,61,28,138,3,0,23,AMATLÁN DE CAÑAS
068-B,68,290,21,19,185,1,0,9,AMATLÁN DE CAÑAS
069-B,69,186,7,14,95,0,0,10,AMATLÁN DE CAÑAS
070-B,70,55,5,13,68,1,0,8,AMATLÁN DE CAÑAS
071-B,71,73,6,18,35,3,0,12,AMATLÁN DE CAÑAS
072-B,72,32,1,3,29,1,0,3,AMATLÁN DE CAÑAS
073-B,73,32,1,3,23,1,0,1,AMATLÁN DE CAÑAS
074-B,74,73,8,7,98,12,0,6,AMATLÁN DE CAÑAS
074-E,74,49,5,7,14,2,0,5,AMATLÁN DE CAÑAS
075-B,75,163,11,11,122,1,1,13,AMATLÁN DE CAÑAS
076-B,76,42,1,12,37,0,0,5,AMATLÁN DE CAÑAS
077-B,77,171,24,17,77,4,0,20,AMATLÁN DE CAÑAS
078-B,78,203,30,15,170,13,0,20,AMATLÁN DE CAÑAS
079-B,79,232,89,32,180,3,0,34,AMATLÁN DE CAÑAS
080-B,80,114,9,41,157,7,0,25,AMATLÁN DE CAÑAS
081-B,81,64,6,21,65,2,0,2,AMATLÁN DE CAÑAS
082-B,82,178,5,53,97,5,0,16,AMATLÁN DE CAÑAS
083-B,83,141,8,64,193,0,0,22,AMATLÁN DE CAÑAS
084-B,84,38,2,7,32,1,0,3,AMATLÁN DE CAÑAS
086-B,86,59,2,7,136,0,0,10,AMATLÁN DE CAÑAS
087-B,87,40,3,3,16,0,0,1,AMATLÁN DE CAÑAS
088-B,88,125,1,3,127,1,0,2,AMATLÁN DE CAÑAS
089-B,89,118,11,21,92,3,0,20,AMATLÁN DE CAÑAS
090-B,90,147,64,2,203,26,0,13,BAHÍA DE BANDERAS
090-C1,90,114,49,1,200,26,0,16,BAHÍA DE BANDERAS
090-C2,90,113,45,1,223,29,0,11,BAHÍA DE BANDERAS
090-C3,90,131,47,0,205,20,0,11,BAHÍA DE BANDERAS
090-C4,90,125,63,1,183,24,0,6,BAHÍA DE BANDERAS
090-C5,90,125,56,1,209,22,0,11,BAHÍA DE BANDERAS
090-C6,90,130,63,1,205,26,1,13,BAHÍA DE BANDERAS
090-C7,90,139,55,0,181,26,0,13,BAHÍA DE BANDERAS
090-C8,90,120,47,0,210,18,0,0,BAHÍA DE BANDERAS
090-E,90,92,40,0,206,12,0,5,BAHÍA DE BANDERAS
091-B,91,187,72,1,256,11,0,13,BAHÍA DE BANDERAS
092-B,92,164,50,2,175,15,0,19,BAHÍA DE BANDERAS
093-B,93,12,6,0,99,2,0,3,BAHÍA DE BANDERAS
094-B,94,49,7,0,335,5,0,0,BAHÍA DE BANDERAS
095-B,95,44,4,0,156,1,0,7,BAHÍA DE BANDERAS
095-E,95,52,34,0,132,3,0,0,BAHÍA DE BANDERAS
096-B,96,252,17,0,134,4,0,7,BAHÍA DE BANDERAS
096-C,96,229,23,0,167,3,0,0,BAHÍA DE BANDERAS
097-B,97,114,12,0,288,0,0,0,BAHÍA DE BANDERAS
097-C,97,132,16,0,231,4,0,5,BAHÍA DE BANDERAS
098-B,98,250,38,0,274,5,0,0,BAHÍA DE BANDERAS
098-C,98,183,37,2,349,5,0,8,BAHÍA DE BANDERAS
098-E1,98,107,30,0,112,4,107,0,BAHÍA DE BANDERAS
098-E2,98,102,5,2,108,1,0,3,BAHÍA DE BANDERAS
099-B,99,98,59,3,320,14,0,19,BAHÍA DE BANDERAS
100-B,100,83,51,1,266,20,0,12,BAHÍA DE BANDERAS
100-C,100,92,53,0,254,27,0,12,BAHÍA DE BANDERAS
101-B,101,117,56,1,282,12,0,13,BAHÍA DE BANDERAS
101-C,101,108,69,0,250,9,0,9,BAHÍA DE BANDERAS
102-B,102,138,42,1,218,51,0,0,BAHÍA DE BANDERAS
102-C,102,132,45,1,235,39,0,0,BAHÍA DE BANDERAS
103-B,103,84,38,0,269,2,0,7,BAHÍA DE BANDERAS
103-C,103,103,40,1,245,6,0,6,BAHÍA DE BANDERAS
104-B,104,154,46,3,338,15,0,15,BAHÍA DE BANDERAS
104-C,104,133,61,2,338,23,0,10,BAHÍA DE BANDERAS
105-B,105,102,146,2,203,6,0,15,BAHÍA DE BANDERAS
105-C,105,97,122,0,234,8,0,14,BAHÍA DE BANDERAS
106-B,106,97,84,0,256,1,0,19,BAHÍA DE BANDERAS
106-C,106,83,93,0,292,6,0,12,BAHÍA DE BANDERAS
107-B,107,114,72,0,184,4,0,25,BAHÍA DE BANDERAS
107-C,107,102,86,2,198,5,0,16,BAHÍA DE BANDERAS
107-E,107,132,26,1,202,1,0,11,BAHÍA DE BANDERAS
108-B,108,69,89,0,234,5,0,27,BAHÍA DE BANDERAS
108-C,108,80,137,0,189,6,0,0,BAHÍA DE BANDERAS
109-B,109,140,16,0,350,4,0,14,BAHÍA DE BANDERAS
110-B,110,142,43,1,334,5,0,10,BAHÍA DE BANDERAS
110-E,110,127,31,0,161,0,0,19,BAHÍA DE BANDERAS
111-B,111,104,86,0,281,13,0,26,BAHÍA DE BANDERAS
111-C1,111,107,112,0,279,11,0,12,BAHÍA DE BANDERAS
111-C2,111,102,90,2,260,8,0,0,BAHÍA DE BANDERAS
111-C3,111,110,102,1,260,15,0,28,BAHÍA DE BANDERAS
112-B,112,142,59,1,257,13,0,21,BAHÍA DE BANDERAS
112-C1,112,127,50,1,227,14,0,0,BAHÍA DE BANDERAS
112-C2,112,130,60,1,227,9,0,12,BAHÍA DE BANDERAS
112-C3,112,144,73,1,245,13,0,19,BAHÍA DE BANDERAS
113-B,113,125,21,0,167,4,0,7,BAHÍA DE BANDERAS
113-C,113,131,29,0,139,4,0,6,BAHÍA DE BANDERAS
114-B,114,152,22,2,185,6,0,16,BAHÍA DE BANDERAS
114-C1,114,140,36,1,208,6,0,12,BAHÍA DE BANDERAS
114-C2,114,145,25,0,225,5,0,13,BAHÍA DE BANDERAS
115-B,115,116,32,2,338,26,0,11,BAHÍA DE BANDERAS
115-C1,115,172,26,1,347,25,0,10,BAHÍA DE BANDERAS
115-C2,115,179,37,2,305,27,0,12,BAHÍA DE BANDERAS
115-C3,115,188,45,2,336,27,0,18,BAHÍA DE BANDERAS
115-C4,115,199,33,3,297,19,0,0,BAHÍA DE BANDERAS
116-B,116,174,31,1,283,24,0,21,BAHÍA DE BANDERAS
116-C1,116,201,29,3,289,28,0,0,BAHÍA DE BANDERAS
116-C2,116,183,32,3,293,26,0,24,BAHÍA DE BANDERAS
117-B,117,165,22,1,250,11,0,13,BAHÍA DE BANDERAS
117-C,117,179,21,0,260,11,0,0,BAHÍA DE BANDERAS
118-B,118,171,31,5,281,12,0,14,BAHÍA DE BANDERAS
118-C1,118,193,22,1,290,11,0,14,BAHÍA DE BANDERAS
118-C2,118,176,33,2,273,23,1,20,BAHÍA DE BANDERAS
118-C3,118,199,39,0,286,9,0,15,BAHÍA DE BANDERAS
119-B,119,98,64,1,278,6,2,19,BAHÍA DE BANDERAS
119-C,119,145,50,0,288,11,3,20,BAHÍA DE BANDERAS
120-B,120,172,37,3,296,25,0,22,BAHÍA DE BANDERAS
120-C1,120,154,18,3,247,29,0,29,BAHÍA DE BANDERAS
120-C2,120,150,38,6,297,31,0,0,BAHÍA DE BANDERAS
121-B,121,116,28,0,276,10,0,8,BAHÍA DE BANDERAS
121-C,121,140,25,1,245,12,0,15,BAHÍA DE BANDERAS
122-B,122,112,26,0,203,29,0,9,BAHÍA DE BANDERAS
122-C,122,125,25,0,230,11,0,17,BAHÍA DE BANDERAS
123-B,123,99,16,0,125,12,0,13,BAHÍA DE BANDERAS
123-C,123,124,20,0,162,10,0,13,BAHÍA DE BANDERAS
124-B,124,254,11,4,258,6,0,29,COMPOSTELA
125-B,125,157,14,1,165,4,0,18,COMPOSTELA
125-C,125,149,17,0,175,4,1,15,COMPOSTELA
126-B,126,163,9,4,186,4,1,13,COMPOSTELA
126-C,126,159,13,1,208,4,0,11,COMPOSTELA
127-B,127,230,15,3,240,5,0,9,COMPOSTELA
128-B,128,281,19,3,269,7,0,6,COMPOSTELA
129-B,129,188,7,0,201,3,0,7,COMPOSTELA
129-C,129,173,3,1,195,1,0,9,COMPOSTELA
130-B,130,203,12,0,215,7,0,8,COMPOSTELA
131-B,131,205,9,1,243,7,0,10,COMPOSTELA
132-B,132,173,11,0,203,12,0,6,COMPOSTELA
132-C,132,176,16,1,186,10,0,15,COMPOSTELA
133-B,133,174,19,0,215,5,0,10,COMPOSTELA
133-C,133,175,18,0,240,5,0,19,COMPOSTELA
134-B,134,140,8,0,156,10,0,10,COMPOSTELA
134-C,134,156,2,2,151,3,0,5,COMPOSTELA
135-B,135,275,10,2,290,13,0,14,COMPOSTELA
136-B,136,217,11,2,323,5,0,8,COMPOSTELA
137-B,137,181,3,0,201,5,0,8,COMPOSTELA
137-E,137,115,29,2,211,3,0,9,COMPOSTELA
138-B,138,171,2,0,155,2,0,14,COMPOSTELA
139-B,139,145,64,2,147,8,0,20,COMPOSTELA
140-B,140,128,11,1,184,2,0,16,COMPOSTELA
141-B,141,137,14,3,242,5,0,10,COMPOSTELA
142-B,142,42,2,0,51,0,0,5,COMPOSTELA
143-B,143,27,8,2,82,3,0,7,COMPOSTELA
143-E,143,24,3,1,61,0,0,1,COMPOSTELA
144-B,144,247,18,0,171,2,0,0,COMPOSTELA
145-B,145,160,15,0,172,3,0,0,COMPOSTELA
145-E,145,79,2,0,26,0,0,3,COMPOSTELA
146-B,146,52,1,0,46,5,0,7,COMPOSTELA
147-B,147,164,5,0,93,3,0,9,COMPOSTELA
148-B,148,211,29,0,167,13,0,15,COMPOSTELA
149-B,149,170,26,0,147,11,0,15,COMPOSTELA
150-B,150,165,24,2,147,17,0,8,COMPOSTELA
151-B,151,101,41,1,152,13,0,0,COMPOSTELA
151-C,151,106,43,5,149,15,0,22,COMPOSTELA
152-B,152,231,19,1,174,20,0,0,COMPOSTELA
153-B,153,65,32,5,36,0,0,5,COMPOSTELA
154-B,154,196,11,0,57,2,0,4,COMPOSTELA
155-B,155,180,5,0,124,1,0,10,COMPOSTELA
156-B,156,133,9,0,140,0,0,6,COMPOSTELA
157-B,157,92,40,3,154,7,0,0,COMPOSTELA
157-E,157,36,2,0,37,3,0,4,COMPOSTELA
158-B,158,206,49,14,190,16,0,34,COMPOSTELA
159-B,159,169,62,8,151,13,0,0,COMPOSTELA
160-B,160,200,31,2,141,20,0,14,COMPOSTELA
161-B,161,147,29,10,106,1,0,6,COMPOSTELA
161-C,161,183,35,8,77,8,0,0,COMPOSTELA
162-B,162,121,25,3,132,19,0,8,COMPOSTELA
163-B,163,132,48,1,157,15,0,26,COMPOSTELA
164-B,164,197,52,1,140,12,0,0,COMPOSTELA
165-B,165,204,22,4,176,27,0,7,COMPOSTELA
166-B,166,147,42,3,197,50,0,0,COMPOSTELA
167-B,167,134,29,2,137,15,0,14,COMPOSTELA
167-C,167,109,19,4,123,20,0,16,COMPOSTELA
168-B,168,155,23,4,129,19,0,14,COMPOSTELA
168-C,168,170,23,2,112,19,0,17,COMPOSTELA
169-B,169,232,35,0,161,17,0,15,COMPOSTELA
170-B,170,60,15,2,83,5,0,4,COMPOSTELA
171-B,171,113,5,2,140,0,0,6,COMPOSTELA
171-C,171,142,6,1,157,1,1,5,COMPOSTELA
172-B,172,58,11,1,18,0,0,2,COMPOSTELA
173-B,173,102,28,1,141,3,0,4,COMPOSTELA
173-C,173,137,23,2,103,0,0,0,COMPOSTELA
174-B,174,15,13,1,57,0,0,2,COMPOSTELA
175-B,175,83,4,0,220,1,0,4,COMPOSTELA
176-B,176,152,10,1,245,1,0,0,COMPOSTELA
177-B,177,57,11,1,219,3,1,11,COMPOSTELA
177-C,177,52,15,1,232,2,2,16,COMPOSTELA
178-B,178,112,38,1,112,3,0,0,COMPOSTELA
179-B,179,79,83,2,126,3,0,8,COMPOSTELA
180-B,180,129,127,2,175,5,0,14,COMPOSTELA
181-B,181,20,9,1,41,1,0,2,COMPOSTELA
181-E,181,14,6,0,93,0,0,2,COMPOSTELA
182-B,182,41,11,1,82,3,0,0,COMPOSTELA
183-B,183,223,51,3,155,9,0,12,COMPOSTELA
184-B,184,126,32,2,128,6,0,9,COMPOSTELA
184-C,184,137,30,0,121,10,0,6,COMPOSTELA
185-B,185,118,24,2,130,5,0,9,COMPOSTELA
185-C,185,110,22,1,112,16,0,12,COMPOSTELA
186-B,186,185,27,3,152,11,0,0,COMPOSTELA
187-B,187,216,24,5,146,8,0,5,COMPOSTELA
188-B,188,199,55,3,197,18,0,7,COMPOSTELA
189-B,189,194,53,8,263,16,0,0,COMPOSTELA
190-B,190,118,110,5,158,11,0,9,COMPOSTELA
190-C,190,130,97,3,152,18,1,10,COMPOSTELA
190-E1,190,175,62,18,124,9,0,18,COMPOSTELA
190-E1C,190,161,57,9,150,4,0,11,COMPOSTELA
190-E2,190,79,25,4,104,3,1,3,COMPOSTELA
191-B,191,21,13,0,57,0,0,0,COMPOSTELA
191-E,191,6,0,0,35,0,0,0,COMPOSTELA
192-B,192,142,54,1,118,30,0,0,COMPOSTELA
192-C,192,107,75,6,167,34,0,17,COMPOSTELA
193-B,193,41,28,0,67,1,0,2,COMPOSTELA
194-B,194,62,27,1,115,10,0,7,COMPOSTELA
195-B,195,115,7,0,93,13,0,0,COMPOSTELA
196-B,196,83,154,0,180,0,1,9,HUAJICORI
196-C,196,72,146,2,192,1,0,8,HUAJICORI
197-B,197,82,111,0,193,2,0,0,HUAJICORI
197-C,197,70,110,1,195,2,0,22,HUAJICORI
198-B,198,11,72,0,106,0,0,0,HUAJICORI
199-B,199,18,70,1,80,1,0,9,HUAJICORI
200-B,200,18,17,0,115,0,0,4,HUAJICORI
201-B,201,8,21,0,47,0,0,0,HUAJICORI
201-E,201,2,11,1,60,0,0,0,HUAJICORI
202-B,202,37,131,0,166,0,0,17,HUAJICORI
202-E,202,17,19,0,44,0,0,0,HUAJICORI
203-B,203,16,39,0,71,0,0,0,HUAJICORI
203-E1,203,55,41,0,30,0,0,12,HUAJICORI
203-E2,203,16,34,0,103,0,0,4,HUAJICORI
204-B,204,12,39,0,71,0,0,0,HUAJICORI
205-B,205,14,71,0,66,0,0,0,HUAJICORI
206-B,206,15,43,1,133,0,0,5,HUAJICORI
207-B,207,19,12,0,58,0,0,0,HUAJICORI
207-E1,207,1,17,0,36,0,0,0,HUAJICORI
207-E2,207,4,44,1,29,0,0,1,HUAJICORI
208-B,208,31,121,0,150,1,0,6,HUAJICORI
209-B,209,1,21,0,43,0,0,7,HUAJICORI
209-E,209,11,26,0,62,0,0,0,HUAJICORI
210-B,210,19,47,1,84,0,0,6,HUAJICORI
210-E,210,2,32,0,23,0,0,0,HUAJICORI
211-B,211,23,33,0,105,0,0,0,HUAJICORI
212-B,212,11,27,0,46,0,0,1,HUAJICORI
212-E,212,5,52,0,36,0,0,0,HUAJICORI
213-B,213,10,7,0,45,0,0,0,HUAJICORI
213-E,213,16,42,0,69,0,0,2,HUAJICORI
214-B,214,26,40,2,79,0,0,11,HUAJICORI
214-E,214,19,10,1,29,0,0,4,HUAJICORI
215-B,215,281,55,3,183,20,0,20,IXTLÁN DEL RÍO
215-C,215,288,58,7,184,23,0,21,IXTLÁN DEL RÍO
216-B,216,291,71,2,192,18,0,16,IXTLÁN DEL RÍO
216-C,216,302,80,3,169,18,0,14,IXTLÁN DEL RÍO
217-B,217,149,40,1,99,4,0,11,IXTLÁN DEL RÍO
217-C,217,160,42,2,95,14,0,11,IXTLÁN DEL RÍO
218-B,218,235,61,2,192,25,1,15,IXTLÁN DEL RÍO
218-C,218,215,69,8,212,24,0,15,IXTLÁN DEL RÍO
219-B,219,74,46,2,147,16,0,16,IXTLÁN DEL RÍO
219-C,219,72,42,4,147,14,0,13,IXTLÁN DEL RÍO
220-B,220,141,36,5,100,10,0,15,IXTLÁN DEL RÍO
220-C,220,110,40,3,126,11,0,23,IXTLÁN DEL RÍO
221-B,221,197,77,2,206,8,0,14,IXTLÁN DEL RÍO
222-B,222,308,83,4,182,12,0,7,IXTLÁN DEL RÍO
223-B,223,214,49,2,99,10,0,9,IXTLÁN DEL RÍO
223-C,223,221,33,3,124,5,0,10,IXTLÁN DEL RÍO
224-B,224,335,29,2,184,8,0,14,IXTLÁN DEL RÍO
225-B,225,225,46,7,148,11,0,9,IXTLÁN DEL RÍO
226-B,226,223,55,0,191,12,0,14,IXTLÁN DEL RÍO
227-B,227,158,58,1,140,6,0,12,IXTLÁN DEL RÍO
228-B,228,163,47,1,144,3,0,8,IXTLÁN DEL RÍO
229-B,229,223,49,5,176,6,0,15,IXTLÁN DEL RÍO
230-B,230,178,63,9,280,34,1,22,IXTLÁN DEL RÍO
231-B,231,192,125,4,186,8,0,0,IXTLÁN DEL RÍO
232-B,232,30,5,2,102,6,0,11,IXTLÁN DEL RÍO
232-E1,232,84,1,2,37,1,0,1,IXTLÁN DEL RÍO
232-E2,232,26,9,3,30,6,0,3,IXTLÁN DEL RÍO
233-B,233,61,29,0,109,10,0,16,IXTLÁN DEL RÍO
234-B,234,63,18,1,85,7,0,8,IXTLÁN DEL RÍO
235-B,235,44,41,2,114,2,0,18,IXTLÁN DEL RÍO
236-B,236,105,71,1,128,9,0,10,IXTLÁN DEL RÍO
236-C,236,88,62,1,160,9,0,11,IXTLÁN DEL RÍO
237-B,237,47,8,1,46,0,0,7,IXTLÁN DEL RÍO
238-B,238,46,21,2,122,7,0,11,IXTLÁN DEL RÍO
239-B,239,148,38,1,208,1,0,12,JALA
240-B,240,147,43,0,142,0,1,10,JALA
241-B,241,274,56,1,273,4,0,19,JALA
242-B,242,288,77,1,228,2,0,17,JALA
243-B,243,195,57,0,172,0,0,7,JALA
244-B,244,134,39,2,165,3,0,8,JALA
244-C,244,136,49,0,170,3,0,4,JALA
245-B,245,57,17,0,40,0,0,0,JALA
246-B,246,5,18,0,63,1,0,0,JALA
246-E,246,20,44,0,43,0,0,0,JALA
247-B,247,91,12,1,128,0,0,1,JALA
248-B,248,125,164,2,100,3,0,19,JALA
248-C,248,118,195,2,67,4,0,11,JALA
249-B,249,230,197,3,145,4,0,27,JALA
250-B,250,142,113,0,123,37,0,0,JALA
251-B,251,96,88,1,120,10,0,0,JALA
252-B,252,231,167,2,180,2,0,42,JALA
252-E,252,70,43,0,96,4,0,6,JALA
253-B,253,176,64,2,166,7,1,10,JALA
253-C,253,153,63,1,185,14,1,17,JALA
254-B,254,180,136,0,211,14,0,27,JALA
255-B,255,124,43,0,138,8,0,10,JALA
256-B,256,157,49,1,203,12,0,10,JALA
257-B,257,297,57,1,190,16,3,34,EL NAYAR
258-B,258,221,81,1,161,7,0,56,EL NAYAR
258-C,258,229,91,2,158,7,0,0,EL NAYAR
259-B,259,194,53,0,170,0,0,4,EL NAYAR
259-C,259,172,31,7,138,0,0,27,EL NAYAR
259-E,259,89,61,7,128,7,0,40,EL NAYAR
259-EC,259,130,61,6,195,8,28,0,EL NAYAR
260-B,260,130,9,0,128,2,0,0,EL NAYAR
260-E,260,77,53,2,28,1,0,0,EL NAYAR
261-B,261,122,45,2,158,4,0,28,EL NAYAR
262-B,262,122,31,11,145,1,0,10,EL NAYAR
262-E,262,126,6,2,67,0,0,9,EL NAYAR
263-B,263,20,8,0,41,18,0,0,EL NAYAR
264-B,264,101,43,2,58,0,0,15,EL NAYAR
264-E,264,48,2,0,24,1,0,0,EL NAYAR
265-B,265,142,10,1,70,0,0,0,EL NAYAR
266-B,266,122,62,0,61,2,0,0,EL NAYAR
267-B,267,198,27,6,140,5,0,46,EL NAYAR
267-C,267,203,42,0,98,3,0,66,EL NAYAR
267-E1,267,134,3,3,34,1,0,0,EL NAYAR
267-E2,267,84,38,0,56,0,0,7,EL NAYAR
268-B,268,104,0,0,146,0,0,3,EL NAYAR
268-E1,268,107,4,0,67,0,0,0,EL NAYAR
268-E2,268,122,1,5,150,3,0,11,EL NAYAR
269-B,269,150,47,8,207,0,0,0,EL NAYAR
270-B,270,197,36,5,136,1,0,102,EL NAYAR
270-C,270,176,34,5,120,13,0,20,EL NAYAR
270-E,270,153,3,1,90,0,0,12,EL NAYAR
271-B,271,124,7,0,93,1,0,11,EL NAYAR
271-E1,271,146,11,2,82,2,0,22,EL NAYAR
272-B,272,173,10,2,245,1,0,15,EL NAYAR
273-B,273,154,5,2,178,1,0,0,EL NAYAR
273-E,273,184,5,0,66,0,0,3,EL NAYAR
274-B,274,179,35,0,283,0,0,26,EL NAYAR
275-B,275,40,4,1,88,0,0,0,EL NAYAR
275-E,275,119,9,0,56,1,0,5,EL NAYAR
276-B,276,103,7,3,177,0,0,0,EL NAYAR
276-E1,276,184,1,0,61,0,0,9,EL NAYAR
276-E2,276,242,6,0,61,0,0,5,EL NAYAR
277-B,277,212,66,4,261,15,0,13,ROSAMORADA
277-E,277,50,12,1,37,1,0,1,ROSAMORADA
278-B,278,59,21,0,81,4,0,5,ROSAMORADA
278-E,278,116,19,1,77,0,0,1,ROSAMORADA
279-B,279,75,12,1,65,2,0,0,ROSAMORADA
280-B,280,72,30,0,84,3,0,8,ROSAMORADA
281-B,281,167,51,5,189,15,0,12,ROSAMORADA
282-B,282,148,45,1,202,3,0,11,ROSAMORADA
283-B,283,68,172,2,140,0,0,0,ROSAMORADA
284-B,284,68,4,0,62,2,0,2,ROSAMORADA
285-B,285,130,53,8,70,1,0,18,ROSAMORADA
286-B,286,158,32,0,260,0,0,0,ROSAMORADA
286-E,286,44,11,0,58,0,0,2,ROSAMORADA
287-B,287,184,36,0,157,1,0,0,ROSAMORADA
288-B,288,263,20,5,233,2,0,20,ROSAMORADA
289-B,289,191,65,4,304,10,0,14,ROSAMORADA
290-B,290,137,70,0,241,4,0,15,ROSAMORADA
291-B,291,248,41,1,316,2,0,20,ROSAMORADA
291-E,291,20,13,2,43,0,0,6,ROSAMORADA
292-B,292,82,5,0,101,2,0,0,ROSAMORADA
292-E,292,36,4,0,50,0,0,3,ROSAMORADA
293-B,293,47,20,1,93,3,1,4,ROSAMORADA
294-B,294,38,19,0,64,2,0,4,ROSAMORADA
295-B,295,265,47,1,178,1,0,10,ROSAMORADA
296-B,296,191,11,0,207,1,0,6,ROSAMORADA
297-B,297,98,42,0,200,2,0,0,ROSAMORADA
298-B,298,153,22,1,182,3,0,3,ROSAMORADA
299-B,299,135,32,0,160,0,1,0,ROSAMORADA
300-B,300,191,24,0,168,7,0,19,ROSAMORADA
301-B,301,131,33,0,227,1,0,9,ROSAMORADA
301-C,301,135,22,0,184,1,0,7,ROSAMORADA
302-B,302,182,82,0,298,2,0,0,ROSAMORADA
303-B,303,115,41,0,170,1,0,0,ROSAMORADA
304-B,304,167,82,0,163,1,0,7,ROSAMORADA
305-B,305,109,30,0,113,34,0,35,ROSAMORADA
306-B,306,288,89,1,178,29,0,14,ROSAMORADA
307-B,307,134,66,1,150,7,0,9,ROSAMORADA
308-B,308,178,26,0,182,0,0,6,ROSAMORADA
309-B,309,148,109,0,216,4,0,14,ROSAMORADA
310-B,310,96,98,0,148,4,0,24,ROSAMORADA
310-C,310,94,88,1,151,6,0,15,ROSAMORADA
311-B,311,99,109,0,158,3,0,21,ROSAMORADA
311-C,311,86,104,2,159,2,1,25,ROSAMORADA
311-E,311,33,34,0,95,12,0,11,ROSAMORADA
312-B,312,102,77,2,204,7,0,18,ROSAMORADA
313-B,313,60,161,0,125,6,0,0,ROSAMORADA
314-B,314,136,40,3,184,3,0,14,ROSAMORADA
315-B,315,216,54,0,150,1,0,15,ROSAMORADA
316-B,316,30,2,0,42,0,0,3,ROSAMORADA
316-E1,316,34,8,0,45,2,0,1,ROSAMORADA
316-E2,316,10,4,0,33,0,0,3,ROSAMORADA
317-B,317,119,7,0,122,4,0,6,ROSAMORADA
318-B,318,128,16,0,136,1,0,5,ROSAMORADA
319-B,319,64,30,2,56,1,0,0,ROSAMORADA
320-B,320,197,55,1,213,8,0,9,RUIZ
320-C,320,207,50,2,203,5,1,13,RUIZ
321-B,321,241,37,6,288,7,0,0,RUIZ
322-B,322,287,57,1,240,3,0,13,RUIZ
323-B,323,155,39,4,155,3,0,14,RUIZ
323-C,323,156,58,1,166,2,0,21,RUIZ
324-B,324,258,64,3,199,5,0,12,RUIZ
325-B,325,121,21,0,167,1,0,6,RUIZ
326-B,326,165,25,0,259,1,0,11,RUIZ
327-B,327,200,60,1,209,2,0,0,RUIZ
328-B,328,270,17,0,279,1,0,12,RUIZ
329-B,329,226,31,1,265,2,0,9,RUIZ
330-B,330,113,16,2,150,2,0,4,RUIZ
331-B,331,196,33,1,241,6,0,16,RUIZ
332-B,332,13,3,0,84,0,0,1,RUIZ
333-B,333,131,24,1,142,8,0,0,RUIZ
333-E,333,172,54,3,130,3,0,0,RUIZ
334-B,334,58,11,0,43,0,0,2,RUIZ
334-E,334,32,4,2,62,0,0,4,RUIZ
335-B,335,19,12,2,66,2,0,0,RUIZ
336-B,336,137,20,0,91,1,0,13,RUIZ
337-B,337,160,50,2,183,3,0,15,RUIZ
338-B,338,159,19,0,134,1,0,11,RUIZ
339-B,339,43,28,0,45,0,0,4,RUIZ
340-B,340,52,65,1,100,0,0,8,RUIZ
341-B,341,191,56,1,122,2,0,10,RUIZ
342-B,342,81,18,0,102,1,0,10,RUIZ
343-B,343,233,67,3,220,4,0,0,RUIZ
344-B,344,60,60,1,167,8,0,8,RUIZ
345-B,345,86,6,0,155,1,0,0,RUIZ
346-B,346,22,12,0,96,0,0,0,RUIZ
346-E1,346,35,32,1,77,1,0,9,RUIZ
346-E2,346,12,20,0,44,0,0,6,RUIZ
347-B,347,126,33,3,326,19,0,10,SAN BLAS
347-C,347,157,30,2,309,19,0,17,SAN BLAS
348-B,348,98,33,1,203,30,0,15,SAN BLAS
348-C,348,108,21,1,228,27,0,11,SAN BLAS
349-B,349,162,42,4,377,29,0,0,SAN BLAS
350-B,350,105,14,4,217,14,0,16,SAN BLAS
350-C,350,88,19,2,241,11,0,9,SAN BLAS
351-B,351,165,33,3,272,20,0,24,SAN BLAS
352-B,352,116,22,3,215,18,0,0,SAN BLAS
352-C,352,108,15,0,213,15,0,10,SAN BLAS
353-B,353,164,10,4,133,3,0,9,SAN BLAS
354-B,354,63,10,11,107,6,0,9,SAN BLAS
355-B,355,38,7,0,112,6,0,7,SAN BLAS
356-B,356,203,42,1,237,30,0,20,SAN BLAS
357-B,357,185,39,1,175,37,0,28,SAN BLAS
358-B,358,64,9,3,128,8,0,0,SAN BLAS
359-B,359,119,33,3,195,17,0,41,SAN BLAS
360-B,360,162,20,1,276,21,0,30,SAN BLAS
361-B,361,182,33,4,290,17,0,31,SAN BLAS
362-B,362,65,1,0,122,4,0,5,SAN BLAS
363-B,363,28,2,1,44,4,0,1,SAN BLAS
364-B,364,43,16,0,43,0,0,1,SAN BLAS
365-B,365,23,9,1,166,20,0,13,SAN BLAS
366-B,366,83,29,4,181,8,0,0,SAN BLAS
367-B,367,76,13,0,229,13,0,0,SAN BLAS
367-C,367,69,19,1,229,23,0,0,SAN BLAS
368-B,368,65,5,0,143,12,0,6,SAN BLAS
369-B,369,98,4,2,219,15,0,0,SAN BLAS
370-B,370,118,7,0,132,10,0,0,SAN BLAS
371-B,371,39,2,1,28,1,0,0,SAN BLAS
372-B,372,48,3,1,93,3,0,3,SAN BLAS
373-B,373,42,8,0,188,1,0,0,SAN BLAS
374-B,374,13,3,0,59,5,0,9,SAN BLAS
375-B,375,15,6,0,68,9,0,3,SAN BLAS
376-B,376,105,6,3,224,30,0,17,SAN BLAS
376-C,376,116,12,0,183,30,0,22,SAN BLAS
377-B,377,20,6,1,50,4,0,2,SAN BLAS
378-B,378,31,5,1,92,5,0,7,SAN BLAS
379-B,379,8,12,0,15,4,0,3,SAN BLAS
380-B,380,23,0,0,81,9,0,4,SAN BLAS
381-B,381,11,10,1,63,20,0,2,SAN BLAS
382-B,382,95,52,0,176,12,0,37,SAN BLAS
382-C,382,96,45,1,151,5,0,18,SAN BLAS
383-B,383,130,73,3,249,29,0,28,SAN BLAS
384-B,384,101,2,0,127,8,0,15,SAN BLAS
385-B,385,103,29,40,257,54,0,0,SAN BLAS
386-B,386,112,20,2,186,29,0,20,SAN BLAS
386-C,386,108,19,0,188,29,0,0,SAN BLAS
387-B,387,70,62,1,147,7,0,12,SAN BLAS
387-C,387,60,62,1,139,2,0,28,SAN BLAS
388-B,388,120,72,3,158,11,0,16,SAN BLAS
389-B,389,111,66,2,157,9,0,16,SAN BLAS
390-B,390,76,52,0,150,2,3,23,SAN BLAS
390-C,390,66,59,3,152,2,1,25,SAN BLAS
391-B,391,79,10,1,67,0,0,8,SAN BLAS
392-B,392,217,13,0,238,17,0,13,SAN BLAS
393-B,393,107,10,3,136,9,0,16,SAN BLAS
394-B,394,44,27,0,79,2,0,11,SAN BLAS
395-B,395,236,19,4,272,18,0,21,SAN BLAS
396-B,396,60,5,0,66,6,0,3,SAN BLAS
397-B,397,14,2,0,46,1,0,1,SAN BLAS
398-B,398,177,121,0,233,10,0,27,SAN PEDRO LAGUNILLAS
399-B,399,242,99,0,199,5,0,22,SAN PEDRO LAGUNILLAS
400-B,400,170,70,0,225,8,1,15,SAN PEDRO LAGUNILLAS
401-B,401,166,177,0,170,4,0,11,SAN PEDRO LAGUNILLAS
402-B,402,16,3,1,132,0,0,2,SAN PEDRO LAGUNILLAS
403-B,403,70,21,0,87,2,0,9,SAN PEDRO LAGUNILLAS
404-B,404,53,14,1,94,3,0,3,SAN PEDRO LAGUNILLAS
404-E,404,24,16,1,29,3,0,0,SAN PEDRO LAGUNILLAS
405-B,405,31,6,0,47,1,0,2,SAN PEDRO LAGUNILLAS
406-B,406,171,13,1,136,2,0,28,SAN PEDRO LAGUNILLAS
407-B,407,97,10,0,66,0,0,5,SAN PEDRO LAGUNILLAS
408-B,408,216,33,0,82,2,0,0,SAN PEDRO LAGUNILLAS
409-B,409,127,9,0,115,6,1,7,SAN PEDRO LAGUNILLAS
410-B,410,175,52,4,182,18,0,45,SAN PEDRO LAGUNILLAS
411-B,411,152,38,2,233,2,0,19,SANTA MARÍA DEL ORO
411-C,411,163,33,2,222,7,0,22,SANTA MARÍA DEL ORO
411-E,411,25,2,0,60,2,0,3,SANTA MARÍA DEL ORO
412-B,412,247,56,1,355,7,0,25,SANTA MARÍA DEL ORO
412-C,412,265,54,0,318,2,0,19,SANTA MARÍA DEL ORO
413-B,413,47,23,0,68,0,0,19,SANTA MARÍA DEL ORO
414-B,414,104,34,1,108,3,0,11,SANTA MARÍA DEL ORO
414-E,414,52,33,0,122,0,0,12,SANTA MARÍA DEL ORO
415-B,415,143,81,0,251,2,0,20,SANTA MARÍA DEL ORO
416-B,416,173,10,0,202,3,0,0,SANTA MARÍA DEL ORO
416-C,416,178,8,0,230,0,0,0,SANTA MARÍA DEL ORO
417-B,417,78,3,1,36,1,0,0,SANTA MARÍA DEL ORO
417-E,417,23,10,0,68,1,0,11,SANTA MARÍA DEL ORO
418-B,418,87,12,3,157,3,0,24,SANTA MARÍA DEL ORO
419-B,419,173,22,0,175,1,0,13,SANTA MARÍA DEL ORO
420-B,420,61,23,1,164,3,0,20,SANTA MARÍA DEL ORO
421-B,421,145,22,3,369,5,0,37,SANTA MARÍA DEL ORO
421-C,421,151,17,1,385,6,0,30,SANTA MARÍA DEL ORO
422-B,422,176,9,1,237,2,0,12,SANTA MARÍA DEL ORO
422-E,422,13,12,1,53,0,0,0,SANTA MARÍA DEL ORO
423-B,423,126,5,0,228,1,0,9,SANTA MARÍA DEL ORO
423-E,423,41,7,0,102,0,0,2,SANTA MARÍA DEL ORO
424-B,424,52,3,2,106,0,0,4,SANTA MARÍA DEL ORO
424-E,424,14,5,0,80,0,0,2,SANTA MARÍA DEL ORO
425-B,425,94,65,0,204,7,14,1,SANTA MARÍA DEL ORO
426-B,426,32,2,0,122,0,0,5,SANTA MARÍA DEL ORO
427-B,427,246,16,0,362,4,0,25,SANTA MARÍA DEL ORO
428-B,428,48,2,1,45,0,0,15,SANTA MARÍA DEL ORO
429-B,429,189,14,0,404,9,0,19,SANTA MARÍA DEL ORO
430-B,430,133,40,1,162,1,0,19,SANTA MARÍA DEL ORO
431-B,431,136,29,2,200,0,0,21,SANTA MARÍA DEL ORO
432-B,432,58,8,0,25,1,0,1,SANTA MARÍA DEL ORO
433-B,433,235,15,1,230,1,0,0,SANTA MARÍA DEL ORO
433-C,433,214,21,1,216,9,0,26,SANTA MARÍA DEL ORO
434-B,434,23,3,0,50,0,0,3,SANTA MARÍA DEL ORO
435-B,435,147,64,2,243,4,0,30,SANTIAGO IXCUINTLA
436-B,436,111,19,1,188,8,0,3,SANTIAGO IXCUINTLA
436-C,436,118,26,0,194,5,0,0,SANTIAGO IXCUINTLA
437-B,437,244,31,0,257,4,0,0,SANTIAGO IXCUINTLA
437-C,437,210,33,1,277,9,0,20,SANTIAGO IXCUINTLA
438-B,438,204,45,0,256,14,0,9,SANTIAGO IXCUINTLA
439-B,439,130,23,0,132,2,0,4,SANTIAGO IXCUINTLA
440-B,440,141,8,1,197,16,0,3,SANTIAGO IXCUINTLA
441-B,441,200,54,1,238,9,0,18,SANTIAGO IXCUINTLA
442-B,442,122,21,1,142,9,0,0,SANTIAGO IXCUINTLA
442-C,442,131,36,0,152,4,0,0,SANTIAGO IXCUINTLA
443-B,443,217,17,1,182,8,0,11,SANTIAGO IXCUINTLA
444-B,444,133,18,0,100,2,0,5,SANTIAGO IXCUINTLA
445-B,445,71,11,0,121,5,0,6,SANTIAGO IXCUINTLA
446-B,446,168,27,0,171,8,0,3,SANTIAGO IXCUINTLA
447-B,447,189,22,1,294,18,0,18,SANTIAGO IXCUINTLA
448-B,448,156,27,0,241,9,0,11,SANTIAGO IXCUINTLA
449-B,449,71,13,0,91,6,0,1,SANTIAGO IXCUINTLA
450-B,450,143,22,3,185,10,0,8,SANTIAGO IXCUINTLA
451-B,451,116,35,5,174,2,0,15,SANTIAGO IXCUINTLA
451-C,451,102,22,0,186,5,0,0,SANTIAGO IXCUINTLA
452-B,452,91,14,0,167,6,0,4,SANTIAGO IXCUINTLA
453-B,453,103,9,0,68,7,0,2,SANTIAGO IXCUINTLA
454-B,454,64,10,0,80,3,0,5,SANTIAGO IXCUINTLA
455-B,455,148,15,1,132,3,0,7,SANTIAGO IXCUINTLA
456-B,456,64,17,0,140,4,0,11,SANTIAGO IXCUINTLA
457-B,457,204,2,0,188,1,0,0,SANTIAGO IXCUINTLA
457-C,457,177,6,1,201,0,0,2,SANTIAGO IXCUINTLA
458-B,458,307,32,1,222,5,0,10,SANTIAGO IXCUINTLA
459-B,459,151,19,0,214,0,0,0,SANTIAGO IXCUINTLA
459-C,459,185,14,0,184,2,0,14,SANTIAGO IXCUINTLA
460-B,460,231,90,2,224,1,0,31,SANTIAGO IXCUINTLA
460-E1,460,35,32,0,26,1,0,5,SANTIAGO IXCUINTLA
460-E2,460,6,21,0,19,1,0,0,SANTIAGO IXCUINTLA
461-B,461,219,22,0,166,2,0,14,SANTIAGO IXCUINTLA
462-B,462,40,8,0,77,1,0,4,SANTIAGO IXCUINTLA
463-B,463,136,21,0,328,1,0,14,SANTIAGO IXCUINTLA
464-B,464,89,41,0,180,3,0,9,SANTIAGO IXCUINTLA
465-B,465,216,70,3,249,0,0,0,SANTIAGO IXCUINTLA
466-B,466,216,32,7,205,2,0,27,SANTIAGO IXCUINTLA
467-B,467,41,67,1,84,2,0,12,SANTIAGO IXCUINTLA
468-B,468,61,56,2,176,2,0,23,SANTIAGO IXCUINTLA
469-B,469,73,41,7,189,14,0,13,SANTIAGO IXCUINTLA
470-B,470,159,35,3,221,12,0,21,SANTIAGO IXCUINTLA
471-B,471,15,126,5,152,2,0,0,SANTIAGO IXCUINTLA
472-B,472,51,153,7,215,3,0,10,SANTIAGO IXCUINTLA
473-B,473,63,120,11,174,0,0,10,SANTIAGO IXCUINTLA
474-B,474,81,152,8,222,1,0,10,SANTIAGO IXCUINTLA
475-B,475,86,35,1,129,2,0,0,SANTIAGO IXCUINTLA
476-B,476,31,41,0,143,2,0,6,SANTIAGO IXCUINTLA
477-B,477,32,42,1,117,1,0,20,SANTIAGO IXCUINTLA
478-B,478,36,47,0,125,1,0,6,SANTIAGO IXCUINTLA
478-E,478,8,58,1,29,0,0,0,SANTIAGO IXCUINTLA
479-B,479,13,3,1,44,0,0,0,SANTIAGO IXCUINTLA
480-B,480,38,45,1,40,2,0,0,SANTIAGO IXCUINTLA
480-E1,480,10,16,3,79,0,0,0,SANTIAGO IXCUINTLA
480-E2,480,6,31,0,26,1,0,6,SANTIAGO IXCUINTLA
481-B,481,7,25,0,85,0,0,2,SANTIAGO IXCUINTLA
482-B,482,67,65,1,139,2,0,15,SANTIAGO IXCUINTLA
482-C,482,58,82,1,154,4,0,0,SANTIAGO IXCUINTLA
483-B,483,65,37,0,221,0,0,0,SANTIAGO IXCUINTLA
483-C,483,60,70,2,181,4,0,0,SANTIAGO IXCUINTLA
484-B,484,99,87,2,326,3,0,0,SANTIAGO IXCUINTLA
485-B,485,75,55,1,317,6,0,14,SANTIAGO IXCUINTLA
486-B,486,22,22,0,137,5,1,4,SANTIAGO IXCUINTLA
487-B,487,75,68,0,233,1,0,0,SANTIAGO IXCUINTLA
487-E1,487,62,17,1,105,1,0,3,SANTIAGO IXCUINTLA
487-E2,487,20,13,0,18,2,0,5,SANTIAGO IXCUINTLA
488-B,488,62,103,1,269,2,0,22,SANTIAGO IXCUINTLA
489-B,489,89,79,0,163,3,0,11,SANTIAGO IXCUINTLA
489-E,489,28,19,0,53,0,0,4,SANTIAGO IXCUINTLA
490-B,490,101,80,0,145,7,0,10,SANTIAGO IXCUINTLA
491-B,491,106,36,0,146,1,0,15,SANTIAGO IXCUINTLA
492-B,492,43,31,0,137,0,0,12,SANTIAGO IXCUINTLA
493-B,493,211,72,0,262,7,0,20,SANTIAGO IXCUINTLA
494-B,494,95,25,1,167,13,0,14,SANTIAGO IXCUINTLA
495-B,495,126,35,1,203,9,0,16,SANTIAGO IXCUINTLA
496-B,496,55,73,3,207,4,0,0,SANTIAGO IXCUINTLA
497-B,497,162,87,4,255,3,1,44,SANTIAGO IXCUINTLA
498-B,498,183,41,4,223,6,0,0,SANTIAGO IXCUINTLA
499-B,499,38,19,1,124,1,0,5,SANTIAGO IXCUINTLA
500-B,500,30,95,3,115,1,0,11,SANTIAGO IXCUINTLA
501-B,501,81,58,0,168,7,0,0,SANTIAGO IXCUINTLA
502-B,502,106,115,2,232,6,2,13,SANTIAGO IXCUINTLA
503-B,503,59,67,0,126,6,0,16,SANTIAGO IXCUINTLA
503-C,503,66,72,1,130,4,0,17,SANTIAGO IXCUINTLA
504-B,504,84,98,3,187,6,0,10,SANTIAGO IXCUINTLA
505-B,505,65,52,0,179,2,0,0,SANTIAGO IXCUINTLA
505-C,505,61,39,0,176,0,0,13,SANTIAGO IXCUINTLA
506-B,506,60,23,0,188,0,0,12,SANTIAGO IXCUINTLA
507-B,507,72,75,1,264,5,0,0,SANTIAGO IXCUINTLA
508-B,508,54,50,1,235,1,0,7,SANTIAGO IXCUINTLA
508-C,508,46,50,1,220,1,0,15,SANTIAGO IXCUINTLA
509-B,509,50,50,1,141,3,0,14,SANTIAGO IXCUINTLA
510-B,510,41,37,0,162,3,0,13,SANTIAGO IXCUINTLA
511-B,511,48,34,2,195,4,0,6,SANTIAGO IXCUINTLA
511-C,511,69,39,0,156,3,0,11,SANTIAGO IXCUINTLA
512-B,512,115,53,2,263,0,0,7,SANTIAGO IXCUINTLA
513-B,513,106,28,0,221,6,0,16,SANTIAGO IXCUINTLA
514-B,514,9,15,0,119,0,0,6,SANTIAGO IXCUINTLA
514-E,514,7,8,1,32,0,0,0,SANTIAGO IXCUINTLA
515-B,515,45,114,1,131,9,0,0,SANTIAGO IXCUINTLA
516-B,516,34,106,0,204,2,0,9,SANTIAGO IXCUINTLA
517-B,517,25,80,1,153,1,0,3,SANTIAGO IXCUINTLA
518-B,518,24,8,1,71,0,0,0,SANTIAGO IXCUINTLA
519-B,519,34,42,1,150,2,0,5,SANTIAGO IXCUINTLA
520-B,520,70,55,0,274,4,0,5,SANTIAGO IXCUINTLA
521-B,521,71,46,0,210,6,0,22,SANTIAGO IXCUINTLA
522-B,522,168,55,0,217,14,0,0,SANTIAGO IXCUINTLA
523-B,523,160,71,1,337,4,0,30,SANTIAGO IXCUINTLA
524-B,524,104,55,1,182,2,0,23,SANTIAGO IXCUINTLA
525-B,525,76,23,1,148,3,0,16,SANTIAGO IXCUINTLA
526-B,526,183,40,1,311,11,0,18,SANTIAGO IXCUINTLA
527-B,527,142,37,1,236,5,0,9,SANTIAGO IXCUINTLA
528-B,528,100,55,0,139,4,0,20,SANTIAGO IXCUINTLA
528-C,528,88,59,0,151,4,0,22,SANTIAGO IXCUINTLA
529-B,529,104,43,1,155,1,0,0,SANTIAGO IXCUINTLA
530-B,530,97,36,2,199,0,0,6,SANTIAGO IXCUINTLA
531-B,531,112,73,2,329,5,0,29,SANTIAGO IXCUINTLA
532-B,532,68,37,1,243,3,0,12,SANTIAGO IXCUINTLA
532-C,532,91,33,1,229,4,1,11,SANTIAGO IXCUINTLA
533-B,533,21,20,0,41,0,0,0,SANTIAGO IXCUINTLA
534-B,534,105,27,0,120,3,0,5,SANTIAGO IXCUINTLA
535-B,535,134,16,0,149,15,0,0,SANTIAGO IXCUINTLA
536-B,536,100,34,1,148,2,0,13,SANTIAGO IXCUINTLA
537-B,537,147,34,0,185,8,0,28,SANTIAGO IXCUINTLA
538-B,538,128,25,0,209,4,0,15,SANTIAGO IXCUINTLA
539-B,539,98,36,0,231,4,0,0,SANTIAGO IXCUINTLA
540-B,540,103,53,2,256,1,0,0,SANTIAGO IXCUINTLA
541-B,541,203,35,3,243,8,0,21,SANTIAGO IXCUINTLA
542-B,542,225,12,0,248,6,0,34,SANTIAGO IXCUINTLA
542-E,542,30,4,0,83,0,0,6,SANTIAGO IXCUINTLA
543-B,543,75,102,1,187,2,0,23,SANTIAGO IXCUINTLA
543-C,543,78,105,0,178,3,0,9,SANTIAGO IXCUINTLA
544-B,544,78,43,1,164,3,0,0,SANTIAGO IXCUINTLA
545-B,545,106,42,3,152,1,0,9,SANTIAGO IXCUINTLA
545-C,545,111,57,0,116,1,0,16,SANTIAGO IXCUINTLA
546-B,546,133,49,2,178,1,0,12,SANTIAGO IXCUINTLA
546-E,546,32,66,0,63,0,0,4,SANTIAGO IXCUINTLA
547-B,547,41,100,0,208,14,0,14,TECUALA
548-B,548,105,78,1,284,22,0,0,TECUALA
549-B,549,137,76,2,219,16,0,10,TECUALA
550-B,550,86,62,0,218,5,0,5,TECUALA
550-C,550,70,60,0,204,13,0,18,TECUALA
550-E,550,20,64,0,125,4,0,11,TECUALA
551-B,551,83,77,2,255,13,0,56,TECUALA
552-B,552,90,88,1,240,9,0,10,TECUALA
553-B,553,69,89,0,172,9,0,15,TECUALA
554-B,554,106,60,0,244,23,0,11,TECUALA
555-B,555,92,42,3,208,8,0,8,TECUALA
556-B,556,89,20,0,102,4,0,1,TECUALA
557-B,557,59,29,1,93,4,0,0,TECUALA
558-B,558,82,26,0,154,6,0,10,TECUALA
559-B,559,105,24,0,168,11,1,30,TECUALA
560-B,560,100,31,0,125,3,0,6,TECUALA
561-B,561,127,28,1,132,12,0,4,TECUALA
562-B,562,112,76,0,203,20,0,7,TECUALA
563-B,563,141,46,0,213,10,0,25,TECUALA
564-B,564,102,67,1,308,18,0,28,TECUALA
565-B,565,6,18,1,81,4,0,0,TECUALA
566-B,566,6,43,0,62,0,0,0,TECUALA
567-B,567,154,24,0,298,11,0,43,TECUALA
567-E,567,12,8,1,42,11,0,0,TECUALA
568-B,568,71,92,0,270,24,0,0,TECUALA
569-B,569,53,77,0,110,16,0,6,TECUALA
570-B,570,56,75,1,194,18,0,29,TECUALA
570-C,570,55,74,1,150,17,0,0,TECUALA
571-B,571,202,113,3,175,8,0,21,TECUALA
572-B,572,166,44,2,200,7,0,21,TECUALA
573-B,573,191,49,2,266,6,0,21,TECUALA
574-B,574,194,27,0,185,7,0,13,TECUALA
575-B,575,288,42,2,208,4,0,21,TECUALA
576-B,576,244,68,2,134,25,0,19,TECUALA
577-B,577,82,37,1,238,8,0,0,TECUALA
578-B,578,111,46,1,292,12,0,0,TECUALA
579-B,579,41,139,0,167,83,0,28,TECUALA
580-B,580,118,170,0,186,15,0,0,TECUALA
581-B,581,71,81,4,200,14,0,0,TECUALA
582-B,582,60,78,3,173,15,0,0,TECUALA
582-C,582,50,75,1,177,19,0,19,TECUALA
583-B,583,58,230,3,255,4,0,0,TECUALA
584-B,584,75,172,1,251,6,0,11,TECUALA
585-B,585,55,86,2,167,10,0,11,TECUALA
586-B,586,34,121,1,234,5,0,0,TECUALA
587-B,587,98,95,4,253,2,0,22,TECUALA
588-B,588,126,34,0,137,3,0,25,TECUALA
588-C,588,148,28,0,125,0,0,0,TECUALA
589-B,589,35,28,0,110,3,0,6,TECUALA
590-B,590,28,7,0,52,1,0,0,TECUALA
590-E,590,7,29,0,34,0,0,0,TECUALA
591-B,591,240,22,2,219,2,1,25,TECUALA
592-B,592,29,38,10,103,5,0,0,TECUALA
593-B,593,36,11,8,170,14,0,10,TECUALA
594-B,594,75,44,1,83,5,0,0,TECUALA
595-B,595,74,22,0,138,3,0,3,TECUALA
596-B,596,38,34,1,119,4,0,0,TECUALA
597-B,597,263,90,2,152,13,0,13,TEPIC
598-B,598,185,67,0,225,17,0,16,TEPIC
598-C1,598,183,87,6,237,15,0,10,TEPIC
598-C2,598,175,88,2,234,13,10,0,TEPIC
598-C3,598,168,63,2,221,10,0,18,TEPIC
599-B,599,114,29,0,264,9,0,10,TEPIC
600-B,600,128,31,1,147,15,0,10,TEPIC
600-C,600,129,31,0,174,13,0,0,TEPIC
601-B,601,177,36,1,184,12,0,5,TEPIC
601-C1,601,196,38,1,190,5,0,7,TEPIC
601-C2,601,161,28,0,189,13,0,9,TEPIC
602-B,602,248,32,2,169,16,0,11,TEPIC
602-C,602,247,31,1,153,11,0,12,TEPIC
603-B,603,137,28,1,165,13,0,9,TEPIC
603-C,603,139,29,0,143,11,0,0,TEPIC
604-B,604,135,30,1,143,3,0,10,TEPIC
604-C,604,113,32,4,166,10,0,8,TEPIC
605-B,605,127,48,1,167,2,0,9,TEPIC
605-C,605,140,24,1,181,10,0,1,TEPIC
606-B,606,184,24,3,163,11,0,0,TEPIC
606-C,606,161,24,3,189,5,0,13,TEPIC
607-B,607,182,57,2,242,10,0,0,TEPIC
607-C1,607,187,74,6,208,8,0,15,TEPIC
607-C2,607,184,65,3,244,11,0,16,TEPIC
608-B,608,183,54,2,193,10,0,14,TEPIC
608-C,608,160,57,2,202,22,0,0,TEPIC
608-E,608,116,69,1,176,15,0,13,TEPIC
609-B,609,135,65,0,270,9,0,10,TEPIC
609-C,609,172,71,2,251,10,0,17,TEPIC
609-E1,609,235,70,4,259,17,0,23,TEPIC
609-E1C1,609,225,81,3,250,25,0,0,TEPIC
609-E1C2,609,216,71,6,239,30,1,12,TEPIC
609-E1C3,609,238,73,5,231,14,0,18,TEPIC
609-E2,609,140,30,8,182,2,0,7,TEPIC
609-E2C1,609,157,45,3,167,10,0,9,TEPIC
609-E3,609,267,52,4,272,17,0,14,TEPIC
609-E3C1,609,225,73,3,270,16,0,7,TEPIC
609-E3C2,609,238,43,4,272,7,0,7,TEPIC
610-B,610,304,24,4,249,16,0,7,TEPIC
610-C,610,341,30,4,219,12,0,5,TEPIC
611-B,611,240,60,3,222,12,0,8,TEPIC
611-C1,611,222,76,2,191,20,0,11,TEPIC
611-C2,611,226,40,2,219,9,1,11,TEPIC
611-C3,611,227,59,2,214,20,1,11,TEPIC
611-C4,611,226,42,2,244,17,0,12,TEPIC
611-C5,611,230,59,3,251,11,0,0,TEPIC
611-E1,611,171,68,1,177,24,1,12,TEPIC
611-E1C1,611,166,68,4,172,16,0,0,TEPIC
611-E1C2,611,210,57,9,164,11,0,0,TEPIC
612-B,612,349,39,2,280,21,0,7,TEPIC
612-C,612,352,28,3,235,15,0,14,TEPIC
613-B,613,291,29,6,219,15,0,6,TEPIC
613-C,613,270,29,1,213,18,0,9,TEPIC
614-B,614,310,18,1,217,8,0,0,TEPIC
615-B,615,265,40,6,285,19,0,8,TEPIC
616-B,616,191,35,2,168,5,0,0,TEPIC
616-C,616,183,57,0,177,12,0,2,TEPIC
617-B,617,213,26,3,172,20,0,4,TEPIC
617-C,617,194,29,0,178,12,0,6,TEPIC
618-B,618,168,31,1,170,9,0,7,TEPIC
619-B,619,190,29,1,222,10,0,9,TEPIC
620-B,620,239,22,2,229,15,0,7,TEPIC
621-B,621,147,29,2,132,9,0,8,TEPIC
621-C,621,150,26,1,144,8,0,0,TEPIC
622-B,622,228,40,5,217,10,0,0,TEPIC
623-B,623,156,31,2,161,6,0,6,TEPIC
623-C,623,148,26,0,174,6,0,10,TEPIC
624-B,624,180,31,2,289,9,0,11,TEPIC
625-B,625,168,37,1,198,8,0,2,TEPIC
626-B,626,217,23,2,180,10,0,7,TEPIC
626-C,626,223,31,1,194,5,8,0,TEPIC
627-B,627,197,24,1,167,2,0,7,TEPIC
627-C,627,188,28,3,149,12,0,6,TEPIC
628-B,628,167,24,5,130,4,0,4,TEPIC
628-C,628,140,18,0,139,9,0,7,TEPIC
629-B,629,125,22,0,143,11,0,6,TEPIC
629-C,629,134,21,1,145,8,1,8,TEPIC
630-B,630,179,54,1,232,16,0,13,TEPIC
630-C,630,166,49,1,244,4,0,5,TEPIC
631-B,631,240,46,1,229,10,1,9,TEPIC
631-C,631,232,61,3,207,12,0,9,TEPIC
632-B,632,184,58,1,198,15,0,5,TEPIC
632-C,632,192,54,0,161,14,0,9,TEPIC
633-B,633,285,51,2,201,9,0,14,TEPIC
633-C,633,268,54,6,223,12,0,7,TEPIC
633-E,633,210,37,2,177,8,0,6,TEPIC
633-EC1,633,220,35,1,193,13,0,7,TEPIC
633-EC2,633,194,38,1,194,13,0,2,TEPIC
634-B,634,299,35,1,230,16,0,9,TEPIC
634-C1,634,298,23,1,237,12,0,6,TEPIC
634-C2,634,310,29,2,211,12,0,3,TEPIC
634-E,634,292,35,0,209,10,0,6,TEPIC
635-B,635,310,39,1,245,12,0,11,TEPIC
635-C,635,299,38,3,248,14,0,4,TEPIC
636-B,636,204,32,0,165,8,0,2,TEPIC
637-B,637,223,49,5,205,15,0,13,TEPIC
638-B,638,167,29,6,206,7,0,8,TEPIC
639-B,639,297,23,5,195,8,0,11,TEPIC
640-B,640,163,10,0,148,6,0,8,TEPIC
640-C,640,168,16,3,153,5,0,5,TEPIC
641-B,641,194,24,1,163,8,0,5,TEPIC
642-B,642,213,17,3,283,6,1,8,TEPIC
643-B,643,302,34,3,281,16,0,7,TEPIC
644-B,644,301,33,0,213,10,1,9,TEPIC
645-B,645,303,43,2,264,9,0,10,TEPIC
646-B,646,184,26,2,139,19,0,10,TEPIC
646-C,646,203,23,1,131,7,0,10,TEPIC
647-B,647,179,13,2,131,9,1,5,TEPIC
648-B,648,208,38,0,202,9,0,9,TEPIC
649-B,649,169,22,2,180,8,0,7,TEPIC
650-B,650,161,55,4,168,6,0,9,TEPIC
651-B,651,157,50,0,157,8,0,0,TEPIC
651-C,651,186,53,2,146,11,0,0,TEPIC
652-B,652,285,36,2,196,8,0,10,TEPIC
653-B,653,206,10,1,138,9,0,5,TEPIC
654-B,654,221,29,2,160,10,0,5,TEPIC
655-B,655,208,30,0,206,14,0,3,TEPIC
656-B,656,236,36,3,291,12,1,9,TEPIC
657-B,657,240,31,2,189,7,0,3,TEPIC
658-B,658,277,50,2,286,12,0,7,TEPIC
659-B,659,188,16,0,147,8,0,0,TEPIC
660-B,660,242,29,4,204,12,0,11,TEPIC
661-B,661,243,31,1,151,3,0,6,TEPIC
661-C,661,260,33,2,135,11,0,7,TEPIC
662-B,662,382,44,3,275,17,0,6,TEPIC
663-B,663,340,33,4,189,8,0,7,TEPIC
663-C,663,326,35,1,227,28,0,11,TEPIC
664-B,664,336,33,3,228,15,0,11,TEPIC
664-C,664,331,35,3,225,15,0,10,TEPIC
665-B,665,405,33,1,245,6,0,11,TEPIC
666-B,666,308,17,2,247,20,0,11,TEPIC
667-B,667,258,27,1,200,18,0,0,TEPIC
668-B,668,225,27,2,162,16,0,7,TEPIC
669-B,669,242,12,1,175,2,0,6,TEPIC
670-B,670,233,14,0,175,13,0,7,TEPIC
671-B,671,127,7,1,77,1,0,0,TEPIC
672-B,672,47,3,1,23,2,0,0,TEPIC
673-B,673,230,12,2,106,7,0,4,TEPIC
674-B,674,189,13,0,97,5,0,3,TEPIC
675-B,675,128,7,1,68,7,0,5,TEPIC
676-B,676,227,40,11,184,4,1,4,TEPIC
676-C,676,212,39,2,175,7,0,10,TEPIC
677-B,677,258,42,3,236,9,0,10,TEPIC
678-B,678,286,54,4,203,16,0,8,TEPIC
678-C,678,287,49,3,201,12,0,6,TEPIC
679-B,679,191,89,5,218,37,1,28,TEPIC
679-C,679,194,106,3,213,37,0,16,TEPIC
680-B,680,165,41,3,145,10,0,17,TEPIC
680-C,680,186,30,6,148,6,2,5,TEPIC
681-B,681,324,28,2,195,10,1,8,TEPIC
682-B,682,143,4,2,57,7,0,3,TEPIC
683-B,683,83,5,2,61,7,0,3,TEPIC
684-B,684,88,5,0,61,2,0,5,TEPIC
685-B,685,161,18,0,121,5,0,2,TEPIC
686-B,686,121,7,2,85,9,0,1,TEPIC
687-B,687,284,22,3,220,19,0,3,TEPIC
688-B,688,262,7,0,181,7,0,6,TEPIC
689-B,689,203,14,3,123,9,0,2,TEPIC
690-B,690,165,11,1,109,6,0,2,TEPIC
691-B,691,194,18,1,179,8,0,2,TEPIC
692-B,692,320,17,3,188,8,0,12,TEPIC
693-B,693,177,32,2,164,11,0,12,TEPIC
693-C,693,173,60,4,173,10,0,6,TEPIC
694-B,694,129,74,1,234,30,0,21,TEPIC
694-C,694,145,76,1,233,24,0,0,TEPIC
695-B,695,195,61,5,227,10,0,6,TEPIC
695-C1,695,165,36,3,255,15,0,0,TEPIC
695-C2,695,198,48,1,207,10,0,0,TEPIC
695-C3,695,192,54,1,234,10,0,9,TEPIC
696-B,696,195,19,2,156,9,0,8,TEPIC
696-C,696,213,18,1,135,5,0,2,TEPIC
697-B,697,227,22,1,166,5,0,7,TEPIC
698-B,698,176,6,1,112,10,0,2,TEPIC
699-B,699,105,10,2,108,3,0,1,TEPIC
700-B,700,209,28,0,118,5,0,6,TEPIC
700-C,700,207,23,1,119,7,0,0,TEPIC
701-B,701,305,40,1,206,10,0,11,TEPIC
701-C,701,319,38,2,223,16,0,4,TEPIC
702-B,702,182,40,2,158,17,0,2,TEPIC
702-C,702,184,25,4,160,8,0,3,TEPIC
703-B,703,261,13,2,174,9,0,9,TEPIC
704-B,704,114,6,1,111,13,0,9,TEPIC
705-B,705,309,16,0,230,7,1,3,TEPIC
706-B,706,296,20,2,187,13,0,7,TEPIC
707-B,707,199,27,2,175,6,0,9,TEPIC
708-B,708,240,23,2,210,5,0,8,TEPIC
709-B,709,292,26,2,186,17,0,0,TEPIC
709-C,709,271,37,5,194,10,0,8,TEPIC
710-B,710,247,33,1,166,5,0,4,TEPIC
710-C,710,210,45,3,177,10,0,9,TEPIC
711-B,711,208,61,2,195,12,0,0,TEPIC
711-C1,711,214,45,3,181,14,0,7,TEPIC
711-C2,711,258,59,1,162,8,0,11,TEPIC
711-C3,711,235,63,1,190,12,0,7,TEPIC
711-E,711,312,53,3,252,20,0,7,TEPIC
711-EC,711,291,88,4,274,22,1,6,TEPIC
712-B,712,101,42,1,131,25,0,10,TEPIC
712-C,712,107,39,2,147,30,0,14,TEPIC
713-B,713,299,22,0,153,7,0,4,TEPIC
713-C,713,273,17,1,155,3,0,8,TEPIC
714-B,714,206,31,3,193,15,0,3,TEPIC
715-B,715,212,19,1,187,10,0,6,TEPIC
715-C,715,243,26,0,172,6,0,6,TEPIC
716-B,716,213,18,2,140,12,0,1,TEPIC
717-B,717,39,10,0,41,3,0,0,TEPIC
718-B,718,226,30,0,180,6,0,6,TEPIC
719-B,719,256,34,3,180,11,0,15,TEPIC
719-C,719,283,35,4,168,11,0,10,TEPIC
720-B,720,219,55,4,233,10,2,5,TEPIC
721-B,721,252,51,3,160,10,0,11,TEPIC
722-B,722,280,37,3,231,30,0,0,TEPIC
723-B,723,255,70,5,274,13,0,11,TEPIC
723-C,723,253,76,5,254,20,0,12,TEPIC
724-B,724,219,47,0,187,9,0,10,TEPIC
724-C1,724,185,38,2,223,8,0,9,TEPIC
724-C2,724,205,34,2,203,14,0,3,TEPIC
725-B,725,316,26,1,175,6,0,3,TEPIC
725-C,725,332,29,0,163,14,1,6,TEPIC
726-B,726,357,25,0,221,17,0,0,TEPIC
727-B,727,272,37,0,184,15,1,5,TEPIC
728-B,728,245,27,2,108,6,0,8,TEPIC
728-C,728,267,14,2,110,9,0,6,TEPIC
729-B,729,232,35,2,203,20,0,10,TEPIC
730-B,730,325,30,2,248,11,0,14,TEPIC
731-B,731,275,40,3,206,6,0,22,TEPIC
732-B,732,189,72,0,207,14,0,12,TEPIC
732-C,732,178,84,2,217,20,0,10,TEPIC
733-B,733,210,20,3,166,9,0,9,TEPIC
733-C,733,204,36,3,189,9,0,6,TEPIC
734-B,734,256,30,0,230,18,0,11,TEPIC
735-B,735,219,47,3,231,3,0,5,TEPIC
736-B,736,210,71,2,250,16,0,8,TEPIC
736-C1,736,206,59,1,248,14,0,4,TEPIC
736-C2,736,198,92,3,217,17,0,0,TEPIC
737-B,737,143,128,1,152,6,0,9,TEPIC
737-C,737,118,139,2,154,5,0,5,TEPIC
737-E1,737,306,35,2,240,17,0,11,TEPIC
737-E1C1,737,295,27,3,225,18,0,3,TEPIC
737-E1C2,737,312,33,1,224,10,0,8,TEPIC
737-E1C3,737,315,30,2,239,17,0,10,TEPIC
737-E2,737,360,39,2,211,18,0,6,TEPIC
737-E2C1,737,355,33,4,193,14,0,3,TEPIC
737-E2C2,737,335,39,5,206,7,0,9,TEPIC
737-E2C3,737,356,38,6,207,13,1,7,TEPIC
737-E2C4,737,332,54,3,224,11,0,5,TEPIC
737-E3,737,211,26,0,179,5,0,3,TEPIC
738-B,738,126,148,1,237,9,0,13,TEPIC
738-C,738,145,139,2,226,9,1,10,TEPIC
739-B,739,196,25,2,212,8,0,11,TEPIC
739-C,739,180,35,1,208,12,1,17,TEPIC
740-B,740,138,32,0,136,12,0,2,TEPIC
740-C,740,159,32,0,111,10,1,2,TEPIC
741-B,741,298,33,1,200,6,0,6,TEPIC
742-B,742,171,22,0,96,5,0,14,TEPIC
742-C,742,181,10,0,126,10,0,2,TEPIC
743-B,743,220,51,4,198,10,0,4,TEPIC
744-B,744,257,33,1,167,16,0,14,TEPIC
744-C,744,257,26,3,181,16,1,6,TEPIC
745-B,745,208,35,2,122,14,0,11,TEPIC
745-C,745,231,41,2,120,16,0,15,TEPIC
746-B,746,206,33,3,180,4,0,0,TEPIC
746-C,746,211,37,5,178,8,2,3,TEPIC
747-B,747,132,71,1,141,2,0,8,TEPIC
747-C,747,154,58,3,163,6,0,7,TEPIC
748-B,748,130,58,2,161,6,0,3,TEPIC
748-C,748,106,68,2,149,7,0,5,TEPIC
749-B,749,216,44,0,247,12,0,11,TEPIC
749-C1,749,240,34,1,208,11,0,5,TEPIC
749-C2,749,200,42,1,236,10,0,6,TEPIC
750-B,750,251,26,1,149,12,0,5,TEPIC
751-B,751,254,55,7,226,11,5,0,TEPIC
752-B,752,187,56,2,156,19,0,11,TEPIC
752-C,752,198,21,3,174,9,0,9,TEPIC
753-B,753,224,33,0,166,22,0,8,TEPIC
753-C,753,228,28,3,166,19,0,12,TEPIC
754-B,754,164,38,0,228,11,0,3,TEPIC
754-C1,754,161,39,1,242,0,1,6,TEPIC
754-C2,754,154,40,2,227,8,0,6,TEPIC
755-B,755,165,13,1,142,5,0,0,TEPIC
755-C,755,188,24,0,109,8,0,4,TEPIC
756-B,756,161,40,4,160,12,0,0,TEPIC
756-C,756,183,29,3,139,14,0,5,TEPIC
757-B,757,274,38,0,262,17,0,9,TEPIC
758-B,758,195,48,2,235,9,0,8,TEPIC
758-C1,758,164,52,4,235,5,0,9,TEPIC
758-C2,758,216,62,0,195,8,0,9,TEPIC
758-E1,758,280,69,1,223,18,0,8,TEPIC
758-E1C1,758,279,63,2,234,6,0,7,TEPIC
758-E1C2,758,278,76,2,210,13,0,5,TEPIC
758-E2,758,212,43,0,264,9,0,2,TEPIC
758-E2C1,758,231,53,4,251,10,1,5,TEPIC
758-E2C2,758,206,56,1,232,11,1,4,TEPIC
758-E2C3,758,219,55,1,250,8,0,1,TEPIC
758-E2C4,758,197,42,2,272,9,0,3,TEPIC
758-E2C5,758,214,55,1,264,9,5,0,TEPIC
759-B,759,174,58,3,223,10,0,6,TEPIC
759-C,759,192,50,3,218,6,0,6,TEPIC
760-B,760,201,49,1,237,13,0,9,TEPIC
760-C1,760,218,60,1,170,9,0,6,TEPIC
760-C2,760,197,50,1,195,6,0,0,TEPIC
761-B,761,243,42,1,224,10,0,6,TEPIC
762-B,762,211,18,2,185,10,0,3,TEPIC
762-C,762,210,27,1,196,11,0,2,TEPIC
763-B,763,170,68,4,236,12,0,6,TEPIC
763-C,763,148,56,2,268,11,0,4,TEPIC
764-B,764,267,64,3,238,14,0,9,TEPIC
764-C1,764,247,60,4,257,18,0,9,TEPIC
764-C2,764,229,48,4,278,19,0,8,TEPIC
764-C3,764,278,55,1,239,10,0,8,TEPIC
765-B,765,234,58,4,201,18,1,0,TEPIC
765-C1,765,227,55,4,255,10,0,6,TEPIC
765-C2,765,221,54,2,230,10,0,11,TEPIC
766-B,766,151,57,1,178,6,0,11,TEPIC
766-C,766,149,43,1,225,15,0,4,TEPIC
767-B,767,224,20,3,213,6,0,6,TEPIC
768-B,768,15,6,0,68,3,0,4,TEPIC
769-B,769,39,27,2,38,3,0,0,TEPIC
769-E1,769,43,41,0,114,3,0,9,TEPIC
769-E2,769,17,19,2,153,1,0,18,TEPIC
770-B,770,129,30,1,212,4,0,18,TEPIC
770-C,770,105,46,3,219,2,0,19,TEPIC
770-E,770,21,10,0,45,1,0,2,TEPIC
771-B,771,27,12,0,92,0,0,8,TEPIC
771-E,771,11,8,0,34,0,0,0,TEPIC
772-B,772,35,105,0,130,2,0,0,TEPIC
772-E,772,20,26,0,61,0,0,0,TEPIC
773-B,773,81,18,1,142,0,0,10,TEPIC
774-B,774,141,65,0,170,4,0,19,TEPIC
774-C,774,182,57,2,129,2,0,13,TEPIC
775-B,775,14,43,0,41,4,0,3,TEPIC
775-E,775,26,4,0,27,0,0,0,TEPIC
776-B,776,21,5,0,36,1,0,5,TEPIC
777-B,777,24,51,1,26,1,0,1,TEPIC
778-B,778,122,52,3,149,1,0,4,TEPIC
779-B,779,183,62,0,246,4,0,6,TEPIC
780-B,780,230,86,2,232,12,0,24,TEPIC
780-C,780,219,122,5,199,6,0,22,TEPIC
781-B,781,159,122,2,250,4,0,13,TEPIC
782-B,782,111,70,0,135,16,0,16,TEPIC
782-C,782,109,68,1,160,16,0,12,TEPIC
783-B,783,208,111,2,290,9,0,7,TEPIC
784-B,784,16,48,0,55,2,0,2,TEPIC
784-E,784,9,18,0,121,1,0,1,TEPIC
785-B,785,123,163,1,110,2,0,0,TEPIC
785-C,785,77,160,0,138,2,0,17,TEPIC
786-B,786,33,105,1,127,5,0,0,TEPIC
787-B,787,67,38,1,129,2,0,6,TEPIC
788-B,788,312,21,1,271,5,0,0,TEPIC
789-B,789,372,21,3,267,18,0,16,TEPIC
790-B,790,61,50,1,72,4,0,5,TEPIC
791-B,791,27,10,1,51,1,0,0,TEPIC
792-B,792,93,101,0,160,8,0,0,TEPIC
793-B,793,107,42,3,82,3,6,0,TEPIC
794-B,794,105,34,1,113,3,0,6,TEPIC
795-B,795,150,30,0,255,4,0,16,TEPIC
796-B,796,135,129,4,291,12,0,14,TEPIC
797-B,797,203,109,1,271,4,0,15,TEPIC
798-B,798,60,174,0,222,6,0,6,TEPIC
799-B,799,203,56,3,260,9,0,0,TEPIC
799-C,799,243,55,2,273,12,0,8,TEPIC
800-B,800,119,42,1,147,10,0,10,TEPIC
801-B,801,129,44,0,149,7,0,13,TEPIC
801-C,801,93,70,0,120,6,0,8,TEPIC
802-B,802,99,91,2,201,11,0,12,TEPIC
803-B,803,83,14,0,132,10,0,0,TEPIC
803-E1,803,99,29,2,49,9,0,0,TEPIC
803-E2,803,45,10,0,111,15,0,0,TEPIC
804-B,804,227,60,6,265,6,0,15,TEPIC
804-C1,804,196,72,2,277,5,0,15,TEPIC
804-C2,804,208,83,2,264,8,0,0,TEPIC
805-B,805,171,34,0,172,3,0,1,TEPIC
805-C,805,149,50,2,170,8,0,7,TEPIC
806-B,806,234,50,0,190,9,0,9,TEPIC
807-B,807,89,105,1,216,8,0,9,TEPIC
807-C1,807,125,95,0,225,3,0,12,TEPIC
807-C2,807,108,100,1,216,0,0,12,TEPIC
808-B,808,95,63,1,242,5,0,14,TEPIC
809-B,809,261,40,5,271,12,0,5,TEPIC
810-B,810,232,66,7,205,6,0,18,TUXPAN
811-B,811,144,70,0,146,17,0,11,TUXPAN
812-B,812,207,57,5,241,11,0,11,TUXPAN
813-B,813,171,33,0,149,14,1,10,TUXPAN
814-B,814,157,55,1,205,11,0,7,TUXPAN
815-B,815,181,54,1,231,12,0,12,TUXPAN
816-B,816,185,142,1,242,8,0,15,TUXPAN
817-B,817,103,11,0,130,4,0,1,TUXPAN
818-B,818,68,23,0,164,9,0,5,TUXPAN
819-B,819,126,22,1,177,6,0,8,TUXPAN
820-B,820,75,18,0,160,15,0,7,TUXPAN
821-B,821,129,22,0,174,12,0,7,TUXPAN
822-B,822,185,62,0,187,20,0,12,TUXPAN
823-B,823,225,124,3,207,14,0,16,TUXPAN
824-B,824,183,82,4,284,12,0,21,TUXPAN
825-B,825,208,37,5,219,24,0,17,TUXPAN
826-B,826,139,35,0,114,4,0,3,TUXPAN
827-B,827,212,83,3,272,29,1,14,TUXPAN
828-B,828,101,38,2,128,5,0,5,TUXPAN
829-B,829,63,38,0,116,10,0,9,TUXPAN
830-B,830,136,67,1,199,7,0,12,TUXPAN
831-B,831,129,64,0,208,14,0,12,TUXPAN
832-B,832,113,77,3,216,7,0,22,TUXPAN
833-B,833,120,61,1,141,5,0,15,TUXPAN
834-B,834,71,44,0,177,9,0,9,TUXPAN
835-B,835,202,56,1,223,12,0,23,TUXPAN
836-B,836,222,79,0,369,1,0,16,TUXPAN
837-B,837,107,21,0,201,4,0,11,TUXPAN
837-C,837,96,48,0,164,2,0,12,TUXPAN
837-E,837,23,10,0,44,0,0,4,TUXPAN
838-B,838,149,24,0,167,1,0,7,TUXPAN
838-C,838,123,21,1,180,3,1,9,TUXPAN
839-B,839,179,44,7,243,5,0,18,TUXPAN
840-B,840,198,33,2,185,7,0,25,TUXPAN
841-B,841,167,61,2,149,11,0,8,TUXPAN
842-B,842,200,67,4,237,10,0,26,TUXPAN
843-B,843,134,86,10,177,8,1,20,TUXPAN
844-B,844,302,43,2,220,12,0,7,XALISCO
844-C1,844,290,41,2,210,8,0,19,XALISCO
844-C2,844,279,47,0,192,16,0,7,XALISCO
844-C3,844,310,44,1,174,15,0,12,XALISCO
845-B,845,292,67,2,271,15,0,0,XALISCO
845-C1,845,319,57,2,246,12,0,13,XALISCO
845-C2,845,290,71,4,243,16,0,14,XALISCO
846-B,846,245,64,3,227,9,0,23,XALISCO
846-C,846,235,60,3,221,10,0,14,XALISCO
847-B,847,192,74,3,272,15,0,0,XALISCO
847-C1,847,237,71,2,252,10,1,16,XALISCO
847-C2,847,235,57,4,229,10,0,0,XALISCO
847-C3,847,237,64,2,254,16,0,13,XALISCO
847-C4,847,238,66,2,244,16,0,14,XALISCO
848-B,848,271,34,2,218,10,0,9,XALISCO
848-C,848,273,43,1,230,11,0,8,XALISCO
849-B,849,234,45,3,204,13,0,7,XALISCO
850-B,850,247,46,1,221,12,0,0,XALISCO
850-C,850,219,46,3,230,4,0,13,XALISCO
851-B,851,216,20,1,223,7,0,8,XALISCO
852-B,852,324,59,4,271,11,0,14,XALISCO
853-B,853,206,51,2,175,5,0,7,XALISCO
853-C,853,169,46,0,185,9,0,4,XALISCO
854-B,854,313,54,1,308,12,0,15,XALISCO
855-B,855,318,30,1,258,14,0,11,XALISCO
856-B,856,103,16,2,191,5,0,5,XALISCO
856-E,856,33,74,1,68,0,0,0,XALISCO
857-B,857,176,36,0,187,8,0,8,XALISCO
857-C,857,160,42,0,193,3,0,3,XALISCO
858-B,858,199,31,0,154,2,0,17,XALISCO
858-C,858,174,35,0,168,6,0,8,XALISCO
859-B,859,278,33,3,250,10,0,0,XALISCO
859-C,859,250,52,1,241,10,0,15,XALISCO
860-B,860,120,20,0,146,1,0,4,XALISCO
861-B,861,212,62,1,334,3,0,5,XALISCO
862-B,862,86,23,0,154,2,0,6,XALISCO
862-E1,862,47,12,1,69,0,0,0,XALISCO
862-E2,862,38,6,1,83,0,0,2,XALISCO
863-B,863,134,25,0,146,2,1,29,XALISCO
864-B,864,190,26,0,210,1,0,9,XALISCO
864-C,864,187,35,0,184,3,0,8,XALISCO
864-E,864,32,12,0,55,1,0,0,XALISCO
865-B,865,180,20,3,253,2,0,0,XALISCO
865-E,865,40,12,1,80,1,0,0,XALISCO
866-B,866,208,4,1,161,0,0,16,LA YESCA
867-B,867,268,4,3,291,7,1,17,LA YESCA
867-E,867,99,0,0,23,0,0,2,LA YESCA
868-B,868,80,1,0,183,0,0,9,LA YESCA
869-B,869,268,8,0,236,1,0,0,LA YESCA
869-C,869,271,6,0,224,0,0,0,LA YESCA
870-B,870,185,3,0,137,0,0,5,LA YESCA
870-C,870,154,1,2,162,1,0,0,LA YESCA
872-B,872,63,0,0,106,0,0,0,LA YESCA
873-B,873,41,1,1,79,0,0,0,LA YESCA
873-E1,873,38,0,1,52,1,0,2,LA YESCA
873-E2,873,39,1,2,43,0,0,0,LA YESCA
873-E3,873,38,0,0,54,0,0,0,LA YESCA
874-B,874,56,4,2,62,0,0,2,LA YESCA
874-E1,874,39,1,0,56,0,0,0,LA YESCA
874-E2,874,17,1,0,65,0,0,0,LA YESCA
875-B,875,144,0,0,24,1,0,1,LA YESCA
876-B,876,36,0,0,96,3,0,8,LA YESCA
876-E,876,75,0,2,25,1,0,5,LA YESCA
878-B,878,150,0,0,300,0,0,0,LA YESCA
878-E,878,50,1,0,130,0,0,4,LA YESCA
