mun,demn,secn,casilla,pan,pri,prd,pt,prs,mc,indepAhoraSi,indepLayon,indepMarcaDiferencia,indepL,nr,nul
Acaponeta,1,1,B,,135,167,43,1,0,,,,,0,18
Acaponeta,1,8,B,,205,237,71,1,4,,,,,0,9
Acaponeta,1,9,B,,149,169,74,2,5,,,,,0,6
Acaponeta,1,9,C1,,153,179,91,1,7,,,,,0,0
Acaponeta,1,10,B,,200,242,142,1,4,,,,,0,23
Acaponeta,2,2,B,,104,160,26,7,3,,,,,0,9
Acaponeta,2,2,E1,,105,146,18,0,0,,,,,0,0
Acaponeta,2,3,B,,154,311,28,3,2,,,,,0,20
Acaponeta,2,3,C1,,165,324,29,4,0,,,,,0,0
Acaponeta,2,4,B,,180,246,16,4,2,,,,,0,0
Acaponeta,2,24,B,,184,219,5,0,0,,,,,0,16
Acaponeta,2,24,E1,,53,63,0,1,0,,,,,0,6
Acaponeta,3,5,B,,173,341,7,12,12,,,,,0,15
Acaponeta,3,6,B,,125,127,8,31,7,,,,,0,7
Acaponeta,3,7,B,,157,127,15,55,13,,,,,0,10
Acaponeta,3,11,B,,114,56,4,37,10,,,,,0,5
Acaponeta,3,12,B,,222,133,6,31,36,,,,,1,8
Acaponeta,3,13,B,,206,140,10,22,19,,,,,0,0
Acaponeta,4,14,B,,96,60,18,9,9,,,,,0,0
Acaponeta,4,15,B,,144,112,28,11,11,,,,,0,7
Acaponeta,4,16,B,,172,235,18,7,129,,,,,0,15
Acaponeta,4,17,B,,207,240,20,3,26,,,,,0,10
Acaponeta,4,18,B,,271,203,20,10,26,,,,,0,9
Acaponeta,5,19,B,,65,24,2,0,0,,,,,1,2
Acaponeta,5,20,B,,55,61,3,0,0,,,,,0,0
Acaponeta,5,20,E1,,41,33,1,0,0,,,,,0,0
Acaponeta,5,21,B,,228,98,4,2,0,,,,,0,10
Acaponeta,5,22,B,,97,68,3,1,0,,,,,0,4
Acaponeta,5,23,B,,157,108,38,7,0,,,,,0,0
Acaponeta,5,23,E1,,59,45,3,0,0,,,,,0,4
Acaponeta,5,33,B,,131,332,2,0,18,,,,,0,21
Acaponeta,5,34,B,,79,58,4,0,2,,,,,0,4
Acaponeta,5,34,E1,,23,20,1,1,0,,,,,0,0
Acaponeta,5,35,B,,41,30,2,0,0,,,,,0,2
Acaponeta,5,36,B,,224,290,26,4,2,,,,,0,32
Acaponeta,5,37,B,,94,126,5,0,1,,,,,0,0
Acaponeta,6,38,B,,360,327,5,1,1,,,,,0,14
Acaponeta,6,39,B,,236,309,2,2,1,,,,,0,27
Acaponeta,6,40,B,,223,141,8,5,1,,,,,0,19
Acaponeta,6,40,E1,,84,44,7,2,0,,,,,0,1
Acaponeta,6,41,B,,136,94,11,2,0,,,,,0,6
Acaponeta,6,42,B,,20,30,3,4,2,,,,,0,2
Acaponeta,6,43,B,,214,189,19,2,9,,,,,0,0
Acaponeta,6,46,B,,170,146,139,25,1,,,,,0,41
Acaponeta,7,25,B,,47,21,2,3,0,,,,,0,0
Acaponeta,7,26,B,,60,42,7,8,0,,,,,0,4
Acaponeta,7,27,B,,94,37,5,72,0,,,,,0,11
Acaponeta,7,27,E1,,18,69,1,0,0,,,,,0,0
Acaponeta,7,28,B,,125,75,7,26,2,,,,,0,3
Acaponeta,7,29,B,,34,16,3,6,0,,,,,0,0
Acaponeta,7,29,E1,,17,16,3,4,0,,,,,0,2
Acaponeta,7,30,B,,48,97,8,2,0,,,,,0,0
Acaponeta,7,31,B,,199,30,4,2,3,,,,,0,11
Acaponeta,7,32,B,,127,40,113,1,4,,,,,0,9
Acaponeta,7,44,B,,41,51,3,8,0,,,,,0,3
Acaponeta,7,45,B,,51,85,8,2,0,,,,,0,0
Acaponeta,7,47,B,,187,186,11,12,4,,,,,0,15
Acaponeta,7,47,E1,,33,21,5,3,2,,,,,0,0
Acaponeta,7,48,B,,80,29,7,8,0,,,,,0,8
Ahuacatlán,1,49,B,149,161,,87,75,,,,,,0,10
Ahuacatlán,1,50,B,165,155,,46,142,,,,,,0,0
Ahuacatlán,2,51,B,120,201,,78,68,,,,,,0,18
Ahuacatlán,2,52,B,124,181,,30,42,,,,,,0,9
Ahuacatlán,2,52,C1,110,174,,48,45,,,,,,0,10
Ahuacatlán,2,53,B,73,161,,59,34,,,,,,0,9
Ahuacatlán,2,53,C1,66,175,,54,42,,,,,,0,11
Ahuacatlán,2,54,B,86,204,,58,51,,,,,,0,14
Ahuacatlán,2,54,C1,93,191,,66,47,,,,,,0,4
Ahuacatlán,3,55,B,128,75,,5,4,,,,,,0,0
Ahuacatlán,3,56,B,260,141,,35,25,,,,,,0,9
Ahuacatlán,3,57,B,215,180,,80,52,,,,,,0,16
Ahuacatlán,3,58,B,164,116,,14,39,,,,,,0,7
Ahuacatlán,4,59,B,211,144,,22,56,,,,,,0,12
Ahuacatlán,4,59,C1,195,131,,41,64,,,,,,0,0
Ahuacatlán,4,64,B,12,62,,74,5,,,,,,0,8
Ahuacatlán,4,65,B,136,102,,44,15,,,,,,0,0
Ahuacatlán,4,65,E1,25,117,,14,4,,,,,,1,3
Ahuacatlán,5,60,B,217,200,,4,55,,,,,,0,0
Ahuacatlán,5,61,B,98,126,,54,207,,,,,,0,26
Ahuacatlán,5,61,E1,44,21,,2,46,,,,,,0,5
Ahuacatlán,5,62,B,48,73,,11,30,,,,,,0,5
Ahuacatlán,5,63,B,55,97,,7,49,,,,,,0,5
Amatlán de Cañas,1,66,B,163,166,,12,,,,,,,0,7
Amatlán de Cañas,1,67,B,269,312,,19,,,,,,,3,6
Amatlán de Cañas,1,68,B,211,306,,7,,,,,,,1,6
Amatlán de Cañas,1,69,B,142,168,,5,,,,,,,3,8
Amatlán de Cañas,1,70,B,33,118,,1,,,,,,,0,6
Amatlán de Cañas,2,84,B,18,75,,0,,,,,,,0,3
Amatlán de Cañas,2,86,B,34,176,,27,,,,,,,0,3
Amatlán de Cañas,2,87,B,42,29,,0,,,,,,,0,0
Amatlán de Cañas,2,88,B,115,185,,1,,,,,,,0,0
Amatlán de Cañas,2,89,B,90,194,,1,,,,,,,1,4
Amatlán de Cañas,3,80,B,63,166,,127,,,,,,,0,16
Amatlán de Cañas,3,81,B,43,66,,51,,,,,,,0,10
Amatlán de Cañas,3,82,B,97,110,,134,,,,,,,3,13
Amatlán de Cañas,3,83,B,115,182,,136,,,,,,,1,26
Amatlán de Cañas,4,77,B,188,92,,27,,,,,,,2,7
Amatlán de Cañas,4,78,B,237,126,,62,,,,,,,0,23
Amatlán de Cañas,4,79,B,295,264,,7,,,,,,,0,17
Amatlán de Cañas,5,71,B,48,89,,4,,,,,,,0,2
Amatlán de Cañas,5,72,B,39,36,,0,,,,,,,0,0
Amatlán de Cañas,5,73,B,14,47,,0,,,,,,,0,1
Amatlán de Cañas,5,74,B,57,155,,0,,,,,,,2,14
Amatlán de Cañas,5,74,E1,29,46,,10,,,,,,,0,2
Amatlán de Cañas,5,75,B,169,155,,1,,,,,,,0,9
Amatlán de Cañas,5,76,B,39,51,,2,,,,,,,0,0
Bahía de Banderas,1,91,B,,220,244,3,1,58,,,,,0,0
Bahía de Banderas,1,92,B,,172,197,7,3,64,,,,,0,17
Bahía de Banderas,1,96,B,,230,90,10,1,81,,,,,0,0
Bahía de Banderas,1,96,C1,,204,105,5,3,69,,,,,0,22
Bahía de Banderas,1,98,B,,321,39,23,4,228,,,,,1,23
Bahía de Banderas,1,98,C1,,292,49,21,2,228,,,,,0,30
Bahía de Banderas,1,98,E1,,118,85,11,2,75,,,,,0,12
Bahía de Banderas,1,98,E2,,52,108,2,1,93,,,,,0,5
Bahía de Banderas,1,109,B,,255,216,9,2,75,,,,,0,0
Bahía de Banderas,1,110,B,,309,260,4,2,64,,,,,1,17
Bahía de Banderas,1,110,E1,,157,155,3,1,51,,,,,0,9
Bahía de Banderas,2,112,B,,143,164,12,2,154,,,,,3,12
Bahía de Banderas,2,112,C1,,134,149,9,1,141,,,,,0,0
Bahía de Banderas,2,112,C2,,116,142,10,5,148,,,,,1,8
Bahía de Banderas,2,112,C3,,132,120,6,1,149,,,,,1,10
Bahía de Banderas,2,112,C4,,140,149,11,2,155,,,,,2,19
Bahía de Banderas,2,113,B,,81,100,13,1,68,,,,,0,8
Bahía de Banderas,2,113,C1,,91,93,10,3,64,,,,,2,12
Bahía de Banderas,2,114,B,,220,84,8,2,80,,,,,2,8
Bahía de Banderas,2,114,C1,,185,101,5,0,88,,,,,0,16
Bahía de Banderas,2,114,C2,,205,105,6,1,81,,,,,0,14
Bahía de Banderas,3,111,B,,180,97,9,26,123,,,,,0,0
Bahía de Banderas,3,111,C1,,163,105,11,36,117,,,,,0,0
Bahía de Banderas,3,111,C2,,168,56,7,19,126,,,,,0,22
Bahía de Banderas,3,111,C3,,184,92,8,19,113,,,,,0,22
Bahía de Banderas,3,111,C4,,147,95,10,19,124,,,,,0,0
Bahía de Banderas,3,118,B,,0,121,48,21,85,,,,,121,21
Bahía de Banderas,3,118,C1,,142,59,9,131,97,,,,,0,27
Bahía de Banderas,3,118,C2,,133,57,12,110,110,,,,,0,31
Bahía de Banderas,3,118,C3,,116,54,11,126,91,,,,,0,29
Bahía de Banderas,3,118,C4,,153,53,7,143,70,,,,,1,21
Bahía de Banderas,3,118,C5,,126,71,8,116,108,,,,,0,25
Bahía de Banderas,3,118,C6,,157,43,12,134,96,,,,,0,0
Bahía de Banderas,3,118,C7,,145,88,8,105,85,,,,,0,0
Bahía de Banderas,4,90,B,,149,120,19,4,107,,,,,0,0
Bahía de Banderas,4,90,C1,,138,80,26,5,91,,,,,1,18
Bahía de Banderas,4,90,C2,,162,100,22,2,82,,,,,0,0
Bahía de Banderas,4,90,C3,,167,85,28,3,82,,,,,6,13
Bahía de Banderas,4,90,C4,,150,91,28,2,112,,,,,0,0
Bahía de Banderas,4,90,C5,,147,77,35,2,87,,,,,0,13
Bahía de Banderas,4,90,C6,,156,98,27,0,90,,,,,0,19
Bahía de Banderas,4,90,C7,,121,109,20,4,96,,,,,0,11
Bahía de Banderas,4,90,C8,,175,103,31,10,85,,,,,0,9
Bahía de Banderas,4,90,C9,,128,91,24,3,94,,,,,0,20
Bahía de Banderas,4,90,C10,,141,95,24,0,89,,,,,0,14
Bahía de Banderas,4,90,C11,,147,85,30,1,92,,,,,3,12
Bahía de Banderas,4,90,E1,,92,137,8,2,161,,,,,2,0
Bahía de Banderas,5,121,B,,179,157,10,2,124,,,,,2,14
Bahía de Banderas,5,121,C1,,192,137,11,1,140,,,,,0,11
Bahía de Banderas,5,122,B,,175,118,24,4,113,,,,,1,16
Bahía de Banderas,5,122,C1,,181,99,28,1,134,,,,,0,18
Bahía de Banderas,5,123,B,,115,82,13,2,111,,,,,0,0
Bahía de Banderas,5,123,C1,,140,81,15,1,118,,,,,1,11
Bahía de Banderas,6,119,B,,160,97,13,3,186,,,,,0,13
Bahía de Banderas,6,119,C1,,200,56,17,8,196,,,,,0,11
Bahía de Banderas,6,119,C2,,150,64,38,8,186,,,,,0,11
Bahía de Banderas,6,120,B,,125,93,4,0,205,,,,,2,19
Bahía de Banderas,6,120,C1,,128,105,4,3,204,,,,,0,24
Bahía de Banderas,6,120,C2,,119,121,5,2,205,,,,,3,15
Bahía de Banderas,6,120,C3,,129,100,4,2,201,,,,,0,0
Bahía de Banderas,7,115,B,,152,121,13,3,151,,,,,2,7
Bahía de Banderas,7,115,C1,,129,128,12,3,151,,,,,2,13
Bahía de Banderas,7,115,C2,,161,110,13,3,125,,,,,0,0
Bahía de Banderas,7,115,C3,,113,149,17,3,142,,,,,0,12
Bahía de Banderas,7,115,C4,,143,121,12,2,147,,,,,0,0
Bahía de Banderas,7,115,C5,,162,138,8,2,139,,,,,0,12
Bahía de Banderas,7,115,C6,,130,109,13,5,172,,,,,1,5
Bahía de Banderas,7,115,C7,,142,123,14,4,140,,,,,0,8
Bahía de Banderas,7,116,B,,125,85,14,0,127,,,,,0,13
Bahía de Banderas,7,116,C1,,102,99,14,5,132,,,,,0,6
Bahía de Banderas,7,116,C2,,122,108,11,6,122,,,,,0,7
Bahía de Banderas,7,116,C3,,108,95,10,4,114,,,,,0,0
Bahía de Banderas,7,116,C4,,117,125,8,3,112,,,,,2,9
Bahía de Banderas,7,116,C5,,114,81,16,3,98,,,,,0,7
Bahía de Banderas,7,117,B,,134,201,32,2,177,,,,,1,14
Bahía de Banderas,7,117,C1,,133,199,24,3,176,,,,,0,14
Bahía de Banderas,8,99,B,,130,333,9,1,61,,,,,0,14
Bahía de Banderas,8,105,B,,167,245,15,5,49,,,,,1,24
Bahía de Banderas,8,105,C1,,169,233,13,3,40,,,,,0,12
Bahía de Banderas,8,106,B,,189,225,8,10,40,,,,,1,17
Bahía de Banderas,8,106,C1,,206,231,8,8,28,,,,,0,17
Bahía de Banderas,8,107,B,,183,169,3,5,50,,,,,3,19
Bahía de Banderas,8,107,C1,,165,168,2,7,55,,,,,0,25
Bahía de Banderas,8,107,E1,,183,193,5,6,23,,,,,1,11
Bahía de Banderas,8,108,B,,187,213,5,6,43,,,,,0,13
Bahía de Banderas,8,108,C1,,195,194,3,8,53,,,,,0,13
Bahía de Banderas,9,93,B,,82,53,0,2,1,,,,,0,3
Bahía de Banderas,9,94,B,,204,171,4,0,37,,,,,0,11
Bahía de Banderas,9,95,B,,77,125,2,0,23,,,,,0,1
Bahía de Banderas,9,95,E1,,74,125,5,1,31,,,,,1,8
Bahía de Banderas,9,97,B,,189,247,1,8,10,,,,,0,6
Bahía de Banderas,9,97,C1,,160,249,1,6,18,,,,,0,8
Bahía de Banderas,9,100,B,,123,289,3,5,67,,,,,0,0
Bahía de Banderas,9,100,C1,,132,267,9,2,48,,,,,0,8
Bahía de Banderas,9,101,B,,102,265,6,3,66,,,,,0,10
Bahía de Banderas,9,101,C1,,106,289,7,4,60,,,,,2,10
Bahía de Banderas,9,102,B,,133,262,27,1,37,,,,,0,11
Bahía de Banderas,9,102,C1,,125,293,14,0,52,,,,,1,5
Bahía de Banderas,9,103,B,,106,265,3,2,31,,,,,0,10
Bahía de Banderas,9,103,C1,,114,242,6,5,34,,,,,0,4
Bahía de Banderas,9,104,B,,199,337,8,3,50,,,,,0,13
Bahía de Banderas,9,104,C1,,144,373,5,1,49,,,,,0,12
Compostela,1,124,B,197,227,,40,4,12,,,,,2,27
Compostela,1,125,B,114,164,,25,2,8,,,,,5,14
Compostela,1,125,C1,115,150,,19,5,13,,,,,0,0
Compostela,1,126,B,113,198,,27,5,11,,,,,2,18
Compostela,1,126,C1,173,177,,21,5,9,,,,,0,15
Compostela,1,127,B,215,125,,23,3,19,,,,,3,26
Compostela,1,128,B,223,208,,38,4,23,,,,,1,17
Compostela,1,129,B,133,159,,26,2,15,,,,,0,14
Compostela,1,129,C1,142,155,,17,1,10,,,,,3,8
Compostela,1,130,B,155,191,,17,4,19,,,,,0,19
Compostela,1,131,B,135,209,,21,2,13,,,,,0,16
Compostela,2,132,B,47,146,,183,4,9,,,,,0,24
Compostela,2,132,C1,46,148,,179,3,12,,,,,0,0
Compostela,2,133,B,33,109,,226,1,10,,,,,0,32
Compostela,2,133,C1,29,107,,250,0,11,,,,,0,18
Compostela,2,134,B,60,178,,284,4,12,,,,,0,36
Compostela,2,135,B,78,185,,236,1,14,,,,,1,28
Compostela,2,136,B,73,158,,181,1,46,,,,,1,17
Compostela,2,137,B,95,119,,128,3,19,,,,,0,18
Compostela,2,137,E1,71,130,,135,0,8,,,,,0,28
Compostela,2,138,B,57,117,,120,3,10,,,,,1,19
Compostela,3,140,B,96,200,,7,0,6,,,,,2,7
Compostela,3,141,B,127,155,,25,1,9,,,,,0,21
Compostela,3,142,B,26,51,,2,0,1,,,,,0,4
Compostela,3,143,B,38,83,,6,1,1,,,,,0,3
Compostela,3,143,E1,14,60,,2,1,1,,,,,1,0
Compostela,3,155,B,123,133,,22,0,2,,,,,0,0
Compostela,3,156,B,69,154,,13,1,2,,,,,0,0
Compostela,3,171,B,81,113,,8,1,1,,,,,0,9
Compostela,3,171,C1,103,124,,20,1,2,,,,,0,8
Compostela,3,175,B,101,173,,14,1,2,,,,,0,7
Compostela,3,176,B,147,191,,22,1,4,,,,,0,13
Compostela,3,177,B,84,99,,71,0,1,,,,,0,22
Compostela,3,177,C1,76,102,,95,0,2,,,,,0,9
Compostela,4,139,B,121,163,,35,12,8,,,,,0,7
Compostela,4,144,B,163,134,,10,43,8,,,,,0,19
Compostela,4,145,B,113,157,,21,31,5,,,,,0,11
Compostela,4,145,E1,44,39,,15,3,1,,,,,0,7
Compostela,4,146,B,37,77,,3,1,3,,,,,0,0
Compostela,4,147,B,116,139,,11,1,4,,,,,1,7
Compostela,4,148,B,160,174,,60,1,9,,,,,0,12
Compostela,4,149,B,158,147,,29,3,10,,,,,1,7
Compostela,4,150,B,103,149,,57,7,4,,,,,0,6
Compostela,4,151,B,96,136,,59,2,9,,,,,1,22
Compostela,4,151,C1,78,125,,84,7,1,,,,,0,17
Compostela,4,152,B,189,183,,65,3,7,,,,,1,16
Compostela,5,153,B,20,76,,2,2,26,,,,,0,5
Compostela,5,154,B,182,73,,2,1,2,,,,,0,8
Compostela,5,157,B,112,141,,6,4,33,,,,,0,11
Compostela,5,157,E1,25,42,,4,3,1,,,,,0,7
Compostela,5,159,B,105,204,,27,11,5,,,,,0,20
Compostela,5,160,B,135,171,,22,24,3,,,,,0,0
Compostela,5,161,B,117,146,,12,6,2,,,,,0,10
Compostela,5,161,C1,102,147,,20,10,2,,,,,0,10
Compostela,5,162,B,72,188,,8,19,4,,,,,0,8
Compostela,5,163,B,124,225,,14,16,4,,,,,0,17
Compostela,5,164,B,119,210,,23,16,13,,,,,0,18
Compostela,6,158,B,169,210,,63,41,4,,,,,0,28
Compostela,6,165,B,86,212,,21,42,3,,,,,0,11
Compostela,6,166,B,105,280,,29,37,1,,,,,0,24
Compostela,6,167,B,92,146,,29,27,2,,,,,0,12
Compostela,6,167,C1,65,143,,22,22,0,,,,,0,0
Compostela,6,168,B,116,150,,29,27,7,,,,,0,12
Compostela,6,168,C1,119,136,,21,48,0,,,,,0,12
Compostela,6,169,B,166,159,,62,46,15,,,,,1,16
Compostela,7,170,B,31,29,,78,1,0,,,,,2,11
Compostela,7,172,B,44,22,,3,3,6,,,,,0,0
Compostela,7,179,B,66,192,,7,12,1,,,,,0,12
Compostela,7,180,B,84,174,,38,18,7,,,,,0,17
Compostela,7,183,B,37,213,,12,33,26,,,,,0,20
Compostela,7,184,B,69,128,,11,19,26,,,,,0,13
Compostela,7,184,C1,55,133,,12,23,15,,,,,0,15
Compostela,7,185,B,47,97,,10,30,15,,,,,0,0
Compostela,7,185,C1,42,102,,14,23,14,,,,,0,10
Compostela,7,186,B,44,183,,11,17,12,,,,,1,19
Compostela,7,187,B,45,170,,9,18,39,,,,,0,25
Compostela,8,188,B,111,86,,10,177,13,,,,,0,0
Compostela,8,189,B,82,117,,10,161,37,,,,,0,23
Compostela,8,190,B,94,84,,7,112,9,,,,,0,0
Compostela,8,190,C1,103,75,,7,136,14,,,,,0,0
Compostela,8,190,E1,74,100,,3,174,13,,,,,0,13
Compostela,8,190,E1 C1,66,89,,6,170,16,,,,,0,28
Compostela,8,190,E2,55,105,,8,34,4,,,,,0,11
Compostela,9,173,B,187,252,,13,4,5,,,,,1,13
Compostela,9,174,B,12,68,,3,0,0,,,,,0,1
Compostela,9,178,B,58,159,,2,1,17,,,,,4,0
Compostela,9,181,B,37,42,,2,0,0,,,,,0,0
Compostela,9,181,E1,11,85,,2,1,1,,,,,0,1
Compostela,9,182,B,21,94,,2,2,5,,,,,0,0
Compostela,9,191,B,14,58,,2,0,0,,,,,0,0
Compostela,9,191,E1,4,35,,1,0,1,,,,,0,2
Compostela,9,192,B,189,144,,11,2,2,,,,,0,0
Compostela,9,192,C1,164,170,,3,4,2,,,,,0,7
Compostela,9,193,B,29,73,,3,3,2,,,,,0,5
Compostela,9,194,B,108,56,,11,4,1,,,,,0,6
Compostela,9,195,B,71,96,,20,2,2,,,,,0,11
Huajicori,1,196,B,,189,207,66,0,,,,,,0,6
Huajicori,1,196,C1,,220,202,37,1,,,,,,0,7
Huajicori,1,197,B,,199,168,40,3,,,,,,0,8
Huajicori,1,197,C1,,234,188,26,3,,,,,,0,5
Huajicori,2,206,B,,125,85,0,0,,,,,,0,2
Huajicori,2,208,B,,151,181,6,0,,,,,,0,0
Huajicori,2,212,B,,59,21,0,0,,,,,,0,1
Huajicori,2,212,E1,,37,65,2,0,,,,,,0,0
Huajicori,2,213,B,,38,19,1,0,,,,,,0,2
Huajicori,2,213,E1,,74,60,3,0,,,,,,0,3
Huajicori,2,214,B,,80,76,0,1,,,,,,0,8
Huajicori,2,214,E1,,41,30,0,1,,,,,,0,4
Huajicori,3,198,B,,135,83,3,0,,,,,,0,0
Huajicori,3,199,B,,75,91,31,0,,,,,,0,0
Huajicori,3,200,B,,103,59,1,0,,,,,,0,7
Huajicori,3,201,B,,70,49,1,0,,,,,,0,0
Huajicori,3,201,E1,,45,37,1,0,,,,,,0,3
Huajicori,3,204,B,,70,55,10,1,,,,,,0,3
Huajicori,3,205,B,,75,54,27,2,,,,,,0,10
Huajicori,4,202,B,,197,217,1,0,,,,,,0,18
Huajicori,4,202,E1,,42,46,4,0,,,,,,0,0
Huajicori,4,203,B,,66,110,0,0,,,,,,0,0
Huajicori,4,203,E1,,23,147,0,1,,,,,,0,0
Huajicori,4,203,E2,,66,100,1,0,,,,,,0,8
Huajicori,5,207,B,,63,37,1,0,,,,,,0,0
Huajicori,5,207,E1,,39,17,2,0,,,,,,0,1
Huajicori,5,207,E2,,34,45,4,0,,,,,,0,4
Huajicori,5,209,B,,28,38,0,0,,,,,,0,1
Huajicori,5,209,E1,,56,37,0,0,,,,,,0,0
Huajicori,5,210,B,,86,67,5,1,,,,,,0,28
Huajicori,5,210,E1,,14,46,5,0,,,,,,0,0
Huajicori,5,211,B,,101,96,0,0,,,,,,0,8
Ixtlán del Río,1,215,B,85,312,,148,7,,,,,,1,15
Ixtlán del Río,1,215,C1,115,302,,177,10,,,,,,0,18
Ixtlán del Río,1,236,B,29,164,,114,5,,,,,,1,10
Ixtlán del Río,1,236,C1,27,202,,94,4,,,,,,1,14
Ixtlán del Río,2,223,B,70,184,,87,6,,,,,,1,12
Ixtlán del Río,2,223,C1,57,211,,90,2,,,,,,1,13
Ixtlán del Río,2,224,B,112,335,,124,12,,,,,,0,26
Ixtlán del Río,2,225,B,68,219,,148,14,,,,,,0,0
Ixtlán del Río,2,226,B,100,208,,151,7,,,,,,5,20
Ixtlán del Río,3,216,B,216,263,,148,24,,,,,,0,16
Ixtlán del Río,3,216,C1,190,269,,142,15,,,,,,2,20
Ixtlán del Río,3,222,B,151,293,,90,17,,,,,,3,18
Ixtlán del Río,4,217,B,56,174,,104,6,,,,,,2,9
Ixtlán del Río,4,217,C1,67,171,,95,4,,,,,,0,12
Ixtlán del Río,4,218,B,131,211,,166,6,,,,,,0,17
Ixtlán del Río,4,218,C1,138,253,,132,8,,,,,,1,12
Ixtlán del Río,5,227,B,83,134,,155,7,,,,,,0,12
Ixtlán del Río,5,228,B,85,142,,117,5,,,,,,0,0
Ixtlán del Río,5,229,B,101,179,,149,12,,,,,,0,14
Ixtlán del Río,5,230,B,46,146,,136,7,,,,,,0,11
Ixtlán del Río,5,230,C1,35,152,,152,13,,,,,,1,11
Ixtlán del Río,5,231,B,49,159,,285,4,,,,,,0,21
Ixtlán del Río,6,219,B,38,155,,141,3,,,,,,2,14
Ixtlán del Río,6,219,C1,36,157,,131,5,,,,,,0,14
Ixtlán del Río,6,220,B,49,185,,113,4,,,,,,1,13
Ixtlán del Río,6,220,C1,45,180,,117,6,,,,,,0,13
Ixtlán del Río,6,221,B,62,224,,162,8,,,,,,2,17
Ixtlán del Río,7,232,B,5,165,,17,0,,,,,,0,5
Ixtlán del Río,7,232,E1,5,106,,24,1,,,,,,0,6
Ixtlán del Río,7,232,E2,2,68,,8,0,,,,,,0,2
Ixtlán del Río,7,233,B,9,201,,21,1,,,,,,0,0
Ixtlán del Río,7,234,B,22,87,,39,2,,,,,,0,6
Ixtlán del Río,7,235,B,25,195,,29,3,,,,,,0,0
Ixtlán del Río,7,237,B,5,69,,44,1,,,,,,0,5
Ixtlán del Río,7,238,B,19,136,,39,1,,,,,,0,11
Jala,1,242,B,278,350,,17,,,,,,,0,14
Jala,1,243,B,156,243,,10,,,,,,,2,10
Jala,1,244,B,280,402,,16,,,,,,,1,21
Jala,2,239,B,134,231,,26,,,,,,,0,17
Jala,2,240,B,114,179,,27,,,,,,,0,15
Jala,2,241,B,245,365,,35,,,,,,,1,9
Jala,2,247,B,85,140,,3,,,,,,,1,6
Jala,3,253,B,209,238,,13,,,,,,,0,0
Jala,3,253,C1,188,255,,13,,,,,,,0,7
Jala,3,254,B,305,284,,12,,,,,,,2,12
Jala,3,255,B,125,167,,11,,,,,,,0,8
Jala,3,256,B,248,192,,10,,,,,,,0,10
Jala,4,250,B,213,308,,4,,,,,,,0,0
Jala,4,251,B,171,223,,3,,,,,,,0,1
Jala,4,252,B,378,350,,10,,,,,,,1,11
Jala,4,252,E1,144,100,,3,,,,,,,1,3
Jala,5,245,B,40,83,,1,,,,,,,0,0
Jala,5,246,B,13,117,,1,,,,,,,0,3
Jala,5,246,E1,15,98,,0,,,,,,,0,1
Jala,5,248,B,216,272,,0,,,,,,,1,0
Jala,5,248,C1,210,269,,6,,,,,,,0,6
Jala,5,249,B,379,343,,2,,,,,,,0,11
Del Nayar,1,257,B,157,174,,4,,11,,,,,0,13
Del Nayar,1,257,C1,156,169,,3,,8,,,,,0,15
Del Nayar,1,258,B,220,349,,14,,60,,,,,0,38
Del Nayar,1,258,C1,263,313,,16,,46,,,,,0,31
Del Nayar,2,260,B,186,91,,4,,23,,,,,0,0
Del Nayar,2,260,E1,112,36,,17,,0,,,,,0,0
Del Nayar,2,261,B,175,172,,9,,14,,,,,0,20
Del Nayar,2,264,B,165,75,,16,,29,,,,,0,30
Del Nayar,2,264,E1,60,37,,1,,6,,,,,0,0
Del Nayar,2,265,B,154,96,,3,,13,,,,,0,16
Del Nayar,2,266,B,124,195,,12,,18,,,,,1,7
Del Nayar,3,259,B,84,228,,15,,50,,,,,0,61
Del Nayar,3,259,C1,83,257,,12,,36,,,,,0,48
Del Nayar,3,259,E1,117,158,,25,,146,,,,,0,0
Del Nayar,3,259,E1 C1,456,678,,77,,351,,,,,0,0
Del Nayar,4,263,B,55,57,,0,,0,,,,,0,0
Del Nayar,4,267,B,118,343,,56,,1,,,,,0,34
Del Nayar,4,267,C1,111,355,,55,,7,,,,,0,24
Del Nayar,4,267,E1,116,67,,34,,3,,,,,1,8
Del Nayar,4,267,E2,116,99,,4,,0,,,,,0,0
Del Nayar,5,262,B,81,253,,9,,2,,,,,0,16
Del Nayar,5,262,E1,151,45,,29,,0,,,,,2,9
Del Nayar,5,268,B,136,191,,2,,0,,,,,0,0
Del Nayar,5,268,E1,44,136,,8,,8,,,,,0,0
Del Nayar,5,268,E2,98,242,,16,,15,,,,,0,0
Del Nayar,5,271,B,90,104,,9,,6,,,,,0,6
Del Nayar,5,271,E1,94,128,,17,,8,,,,,0,0
Del Nayar,5,274,B,185,197,,146,,1,,,,,0,0
Del Nayar,6,272,B,146,276,,51,,10,,,,,0,0
Del Nayar,6,273,B,125,218,,25,,6,,,,,0,0
Del Nayar,6,273,E1,65,92,,82,,25,,,,,0,0
Del Nayar,6,275,B,33,84,,11,,17,,,,,0,0
Del Nayar,6,275,E1,94,94,,3,,0,,,,,2,2
Del Nayar,6,276,B,24,202,,119,,1,,,,,0,0
Del Nayar,6,276,E1,59,144,,69,,5,,,,,0,0
Del Nayar,6,276,E2,109,120,,49,,10,,,,,0,14
Del Nayar,7,269,B,112,159,,7,,1,,,,,1,23
Del Nayar,7,269,C1,88,189,,6,,0,,,,,1,21
Del Nayar,7,270,B,280,176,,34,,0,,,,,0,21
Del Nayar,7,270,C1,267,173,,42,,0,,,,,12,0
Del Nayar,7,270,E1,173,149,,11,,11,,,,,0,10
Rosamorada,1,277,B,31,262,,220,3,1,73,,,,0,17
Rosamorada,1,277,E1,13,35,,17,0,1,35,,,,0,6
Rosamorada,1,278,B,12,79,,71,0,3,6,,,,0,5
Rosamorada,1,278,E1,41,84,,62,1,0,23,,,,0,9
Rosamorada,1,279,B,21,50,,51,4,0,15,,,,0,0
Rosamorada,1,280,B,33,65,,88,2,1,4,,,,0,4
Rosamorada,1,281,B,30,101,,245,6,5,74,,,,0,13
Rosamorada,1,282,B,19,138,,198,0,1,48,,,,0,13
Rosamorada,2,283,B,144,163,,46,0,19,9,,,,0,8
Rosamorada,2,284,B,3,49,,65,1,0,8,,,,0,0
Rosamorada,2,286,B,127,123,,28,1,0,146,,,,0,13
Rosamorada,2,286,E1,15,39,,35,0,2,37,,,,0,7
Rosamorada,2,287,B,22,175,,51,1,9,84,,,,0,0
Rosamorada,2,288,B,30,191,,155,2,16,161,,,,0,27
Rosamorada,2,289,B,54,276,,80,2,2,106,,,,0,34
Rosamorada,3,297,B,163,166,,8,0,5,9,,,,0,6
Rosamorada,3,298,B,80,113,,82,0,25,26,,,,0,51
Rosamorada,3,299,B,100,128,,62,1,31,31,,,,0,0
Rosamorada,3,300,B,101,148,,98,2,24,29,,,,0,14
Rosamorada,3,301,B,151,149,,41,0,20,16,,,,0,10
Rosamorada,3,301,C1,116,155,,49,1,13,10,,,,0,0
Rosamorada,3,309,B,270,136,,18,1,7,32,,,,0,14
Rosamorada,4,302,B,193,262,,25,1,53,13,,,,0,10
Rosamorada,4,303,B,96,174,,27,0,25,2,,,,1,0
Rosamorada,4,304,B,106,182,,88,2,25,4,,,,0,16
Rosamorada,4,305,B,60,192,,26,1,3,64,,,,0,15
Rosamorada,4,306,B,156,301,,26,1,6,73,,,,0,37
Rosamorada,4,307,B,139,182,,16,0,1,9,,,,0,4
Rosamorada,4,308,B,38,231,,7,0,8,70,,,,0,11
Rosamorada,5,310,B,191,141,,28,0,7,,,,,0,6
Rosamorada,5,310,C1,156,158,,40,6,6,,,,,0,8
Rosamorada,5,311,B,186,144,,32,1,0,,,,,4,4
Rosamorada,5,311,C1,189,148,,34,9,3,,,,,0,5
Rosamorada,5,311,E1,102,68,,11,0,1,,,,,0,0
Rosamorada,5,312,B,132,190,,37,5,12,,,,,0,15
Rosamorada,5,313,B,169,154,,19,2,5,,,,,2,9
Rosamorada,6,292,B,79,96,,5,3,2,2,,,,0,8
Rosamorada,6,292,E1,24,48,,10,0,1,0,,,,0,13
Rosamorada,6,314,B,51,156,,137,1,3,27,,,,0,11
Rosamorada,6,315,B,68,154,,173,2,7,25,,,,0,13
Rosamorada,6,316,B,11,55,,3,0,0,10,,,,3,0
Rosamorada,6,316,E1,8,37,,24,1,32,0,,,,6,4
Rosamorada,6,316,E2,16,30,,6,0,3,3,,,,0,1
Rosamorada,6,317,B,90,131,,27,2,1,7,,,,0,6
Rosamorada,6,318,B,143,117,,21,0,1,10,,,,0,6
Rosamorada,6,319,B,50,111,,10,0,0,2,,,,0,6
Rosamorada,7,285,B,89,68,,15,17,15,80,,,,0,12
Rosamorada,7,290,B,82,253,,35,4,57,24,,,,0,9
Rosamorada,7,291,B,109,315,,31,5,4,146,,,,0,38
Rosamorada,7,291,E1,15,26,,19,1,2,35,,,,0,13
Rosamorada,7,293,B,32,96,,19,1,5,33,,,,0,0
Rosamorada,7,294,B,8,42,,35,0,1,24,,,,0,11
Rosamorada,7,295,B,95,177,,22,0,0,188,,,,0,37
Rosamorada,7,296,B,144,209,,1,0,1,27,,,,0,18
Ruiz,1,327,B,280,211,,15,15,4,,,,,0,0
Ruiz,1,343,B,197,265,,87,0,9,,,,,0,15
Ruiz,1,344,B,174,102,,6,3,0,,,,,0,5
Ruiz,2,320,B,246,225,,13,6,2,,,,,0,7
Ruiz,2,320,C1,237,258,,18,1,1,,,,,0,15
Ruiz,2,326,B,247,201,,5,2,2,,,,,0,12
Ruiz,3,321,B,251,326,,13,6,1,,,,,0,13
Ruiz,3,322,B,355,240,,24,1,1,,,,,0,13
Ruiz,3,325,B,160,144,,4,1,7,,,,,2,8
Ruiz,3,330,B,151,137,,7,0,0,,,,,0,5
Ruiz,4,323,B,221,171,,8,3,3,,,,,0,9
Ruiz,4,323,C1,247,157,,8,0,1,,,,,1,8
Ruiz,4,324,B,265,236,,19,4,15,,,,,0,10
Ruiz,5,328,B,236,288,,80,3,4,,,,,0,0
Ruiz,5,329,B,188,213,,120,1,4,,,,,0,12
Ruiz,5,331,B,184,227,,99,2,4,,,,,0,20
Ruiz,6,337,B,184,262,,13,1,1,,,,,0,10
Ruiz,6,338,B,153,159,,15,0,1,,,,,1,7
Ruiz,6,339,B,64,57,,3,0,0,,,,,0,1
Ruiz,6,340,B,123,113,,6,1,1,,,,,0,0
Ruiz,6,341,B,225,128,,42,1,0,,,,,1,5
Ruiz,6,342,B,110,111,,10,1,0,,,,,0,1
Ruiz,6,345,B,163,85,,22,0,0,,,,,1,7
Ruiz,7,332,B,30,57,,8,0,0,,,,,0,0
Ruiz,7,333,B,102,208,,12,1,0,,,,,0,13
Ruiz,7,333,E1,102,206,,82,3,1,,,,,1,22
Ruiz,7,334,B,62,56,,8,0,0,,,,,0,2
Ruiz,7,334,E1,13,86,,5,0,0,,,,,0,0
Ruiz,7,335,B,104,27,,5,0,0,,,,,0,0
Ruiz,7,336,B,190,81,,18,0,3,,,,,0,10
Ruiz,7,346,B,81,45,,1,0,0,,,,,0,4
Ruiz,7,346,E1,86,58,,5,0,0,,,,,0,7
Ruiz,7,346,E2,61,28,,2,0,0,,,,,0,1
San Blas,1,347,B,196,196,,9,2,10,,98,,,0,21
San Blas,1,347,C1,188,203,,3,5,13,,91,,,0,25
San Blas,1,351,B,201,115,,7,6,26,,106,,,0,0
San Blas,1,352,B,155,155,,5,3,11,,93,,,0,25
San Blas,1,352,C1,133,154,,12,2,9,,67,,,0,31
San Blas,2,348,B,106,110,,20,0,50,,127,,,0,28
San Blas,2,348,C1,126,120,,11,4,65,,144,,,0,0
San Blas,2,349,B,122,175,,10,4,66,,227,,,5,31
San Blas,2,350,B,74,130,,20,2,24,,99,,,0,18
San Blas,2,350,C1,86,133,,5,5,18,,92,,,0,0
San Blas,3,359,B,79,165,,12,50,12,,89,,,0,32
San Blas,3,360,B,99,149,,12,104,22,,73,,,0,26
San Blas,3,361,B,103,233,,14,107,11,,68,,,0,35
San Blas,3,362,B,11,72,,1,48,1,,53,,,0,14
San Blas,3,363,B,11,22,,1,8,1,,30,,,1,2
San Blas,3,368,B,14,84,,2,18,0,,123,,,0,0
San Blas,3,369,B,28,149,,6,29,0,,108,,,0,0
San Blas,3,370,B,18,133,,5,25,1,,105,,,0,10
San Blas,3,371,B,4,47,,2,12,0,,19,,,0,1
San Blas,4,353,B,111,94,,32,3,1,,69,,,2,15
San Blas,4,354,B,15,102,,11,7,0,,55,,,0,0
San Blas,4,355,B,36,66,,4,2,0,,66,,,0,0
San Blas,4,356,B,198,179,,5,4,9,,135,,,0,27
San Blas,4,357,B,193,125,,5,6,6,,90,,,0,22
San Blas,4,358,B,50,92,,3,1,6,,67,,,0,13
San Blas,4,364,B,10,56,,3,0,0,,23,,,0,3
San Blas,4,372,B,38,48,,4,1,2,,39,,,0,29
San Blas,4,373,B,78,95,,9,1,1,,56,,,1,8
San Blas,5,365,B,64,87,,3,2,6,,96,,,1,15
San Blas,5,366,B,150,39,,2,3,9,,107,,,0,36
San Blas,5,367,B,31,82,,25,1,4,,163,,,0,21
San Blas,5,367,C1,34,74,,26,2,1,,186,,,0,13
San Blas,5,374,B,16,38,,4,0,7,,17,,,0,5
San Blas,5,375,B,24,46,,2,0,7,,20,,,0,0
San Blas,5,376,B,94,76,,3,2,54,,134,,,0,39
San Blas,5,376,C1,77,96,,6,2,48,,125,,,7,22
San Blas,5,377,B,16,22,,2,0,7,,34,,,0,0
San Blas,5,378,B,7,43,,4,0,1,,86,,,3,4
San Blas,5,379,B,3,12,,0,0,0,,40,,,0,5
San Blas,5,380,B,14,53,,1,0,2,,39,,,3,8
San Blas,5,381,B,48,22,,6,1,0,,21,,,0,11
San Blas,6,382,B,23,80,,37,50,2,,134,,,0,42
San Blas,6,382,C1,36,77,,41,31,10,,105,,,0,33
San Blas,6,383,B,82,78,,58,87,6,,167,,,0,52
San Blas,6,387,B,191,187,,85,0,5,,54,,,0,47
San Blas,6,388,B,71,217,,49,4,0,,25,,,0,26
San Blas,6,389,B,72,233,,34,2,3,,32,,,0,22
San Blas,6,390,B,136,219,,117,4,0,,91,,,0,49
San Blas,7,384,B,28,128,,4,3,2,,65,,,0,0
San Blas,7,385,B,67,252,,12,3,6,,178,,,0,0
San Blas,7,386,B,31,195,,9,10,4,,113,,,5,21
San Blas,7,386,C1,49,185,,13,7,0,,106,,,0,20
San Blas,7,391,B,20,92,,8,1,1,,79,,,0,21
San Blas,7,392,B,124,172,,36,0,26,,93,,,1,32
San Blas,7,393,B,50,111,,19,5,32,,61,,,0,16
San Blas,7,394,B,63,47,,5,1,0,,61,,,0,14
San Blas,7,395,B,326,150,,4,8,7,,67,,,0,0
San Blas,7,396,B,46,50,,4,1,1,,60,,,0,5
San Blas,7,397,B,30,9,,1,0,6,,13,,,1,7
San Pedro Lagunillas,1,398,B,188,126,,141,,97,,,,,2,33
San Pedro Lagunillas,1,399,B,191,157,,108,,88,,,,,0,0
San Pedro Lagunillas,2,401,B,314,200,,8,,48,,,,,0,12
San Pedro Lagunillas,2,403,B,81,108,,3,,4,,,,,0,1
San Pedro Lagunillas,3,400,B,120,235,,26,,119,,,,,2,8
San Pedro Lagunillas,3,402,B,60,98,,0,,4,,,,,0,1
San Pedro Lagunillas,3,404,B,61,98,,3,,13,,,,,0,2
San Pedro Lagunillas,3,404,E1,33,27,,6,,13,,,,,0,0
San Pedro Lagunillas,4,405,B,10,51,,14,,8,,,,,0,4
San Pedro Lagunillas,4,406,B,65,84,,117,,70,,,,,0,28
San Pedro Lagunillas,4,410,B,61,188,,6,,231,,,,,1,14
San Pedro Lagunillas,5,407,B,55,65,,5,,49,,,,,0,11
San Pedro Lagunillas,5,408,B,135,96,,9,,101,,,,,0,9
San Pedro Lagunillas,5,409,B,54,74,,2,,130,,,,,0,5
Santa María del Oro,1,412,B,,179,287,157,2,,,,,,0,27
Santa María del Oro,1,412,C1,,164,273,160,4,,,,,,0,0
Santa María del Oro,2,411,B,,86,168,68,2,,,,70,,0,37
Santa María del Oro,2,411,C1,,83,140,86,3,,,,0,,0,52
Santa María del Oro,2,411,E1,,12,18,5,1,,,,27,,0,9
Santa María del Oro,3,423,B,,136,106,30,3,,,,,,0,14
Santa María del Oro,3,423,E1,,40,16,73,0,,,,,,0,0
Santa María del Oro,3,424,B,,36,103,16,1,,,,,,1,10
Santa María del Oro,3,424,E1,,56,15,34,0,,,,,,0,6
Santa María del Oro,3,427,B,,134,36,437,0,,,,,,0,0
Santa María del Oro,3,429,B,,284,79,121,9,,,,,,0,20
Santa María del Oro,4,428,B,,26,20,43,1,,,,,,1,0
Santa María del Oro,4,430,B,,155,81,93,5,,,,,,0,28
Santa María del Oro,4,431,B,,166,45,105,1,,,,,,0,29
Santa María del Oro,4,432,B,,54,20,17,0,,,,,,0,6
Santa María del Oro,4,433,B,,172,232,43,0,,,,,,0,25
Santa María del Oro,4,433,C1,,159,252,40,4,,,,,,0,0
Santa María del Oro,4,434,B,,50,19,1,0,,,,,,0,2
Santa María del Oro,5,413,B,,83,31,37,0,,,,,,0,12
Santa María del Oro,5,414,B,,78,105,52,4,,,,,,0,16
Santa María del Oro,5,414,E1,,114,42,44,1,,,,,,0,9
Santa María del Oro,5,415,B,,218,95,110,3,,,,,,1,12
Santa María del Oro,5,417,B,,50,10,44,2,,,,,,0,0
Santa María del Oro,5,417,E1,,18,12,75,1,,,,,,0,2
Santa María del Oro,5,418,B,,148,14,80,0,,,,,,0,0
Santa María del Oro,6,416,B,,125,225,18,5,,,,,,0,0
Santa María del Oro,6,416,C1,,133,212,9,3,,,,,,0,0
Santa María del Oro,6,419,B,,124,47,176,2,,,,,,0,23
Santa María del Oro,6,422,B,,132,155,29,38,,,,,,0,18
Santa María del Oro,6,422,E1,,28,8,36,1,,,,,,0,2
Santa María del Oro,6,426,B,,43,39,54,5,,,,,,0,7
Santa María del Oro,7,420,B,,54,72,31,63,,,,,,1,24
Santa María del Oro,7,421,B,,106,137,90,146,,,,,,0,25
Santa María del Oro,7,421,C1,,124,146,69,139,,,,,,1,40
Santa María del Oro,7,425,B,,79,79,91,81,,,,,,0,20
Santiago Ixcuintla,1,435,B,,148,156,16,0,130,,,,,0,0
Santiago Ixcuintla,1,436,B,,103,79,20,3,85,,,,,0,17
Santiago Ixcuintla,1,436,C1,,115,83,12,3,90,,,,,1,8
Santiago Ixcuintla,1,437,B,,148,100,14,1,226,,,,,1,25
Santiago Ixcuintla,1,437,C1,,154,99,13,2,255,,,,,2,19
Santiago Ixcuintla,1,438,B,,155,168,27,1,114,,,,,0,22
Santiago Ixcuintla,1,439,B,,85,99,8,1,78,,,,,1,8
Santiago Ixcuintla,1,440,B,,137,85,17,2,74,,,,,1,6
Santiago Ixcuintla,1,441,B,,170,199,22,3,117,,,,,0,24
Santiago Ixcuintla,1,450,B,,164,132,6,1,35,,,,,0,11
Santiago Ixcuintla,2,442,B,,107,108,93,3,7,,,,,0,6
Santiago Ixcuintla,2,442,C1,,121,117,107,5,5,,,,,0,0
Santiago Ixcuintla,2,443,B,,130,68,166,2,10,,,,,2,0
Santiago Ixcuintla,2,444,B,,56,53,96,5,21,,,,,2,5
Santiago Ixcuintla,2,445,B,,60,44,59,1,12,,,,,0,8
Santiago Ixcuintla,2,446,B,,94,60,140,3,22,,,,,1,12
Santiago Ixcuintla,2,447,B,,193,91,116,8,28,,,,,1,11
Santiago Ixcuintla,2,448,B,,170,152,72,5,14,,,,,1,15
Santiago Ixcuintla,2,449,B,,64,54,33,6,15,,,,,0,1
Santiago Ixcuintla,2,451,B,,118,131,33,10,5,,,,,0,0
Santiago Ixcuintla,2,451,C1,,113,112,40,14,3,,,,,0,0
Santiago Ixcuintla,2,452,B,,113,88,26,1,13,,,,,1,0
Santiago Ixcuintla,2,453,B,,34,27,96,0,24,,,,,0,10
Santiago Ixcuintla,2,454,B,,24,35,86,0,5,,,,,0,2
Santiago Ixcuintla,2,455,B,,61,38,180,3,11,,,,,0,17
Santiago Ixcuintla,2,456,B,,90,42,96,1,4,,,,,0,10
Santiago Ixcuintla,3,467,B,,74,52,59,3,12,,,,,0,17
Santiago Ixcuintla,3,468,B,,97,70,79,3,25,,,,,0,23
Santiago Ixcuintla,3,492,B,,98,58,30,1,4,,,,,0,11
Santiago Ixcuintla,3,493,B,,90,70,333,3,17,,,,,0,28
Santiago Ixcuintla,3,494,B,,75,33,159,0,10,,,,,0,0
Santiago Ixcuintla,3,495,B,,96,40,187,0,8,,,,,0,0
Santiago Ixcuintla,3,496,B,,126,158,10,6,18,,,,,0,17
Santiago Ixcuintla,3,500,B,,116,45,48,3,8,,,,,0,0
Santiago Ixcuintla,3,501,B,,159,83,28,3,8,,,,,0,12
Santiago Ixcuintla,3,502,B,,329,67,38,5,35,,,,,3,28
Santiago Ixcuintla,3,503,B,,67,154,21,2,4,,,,,0,0
Santiago Ixcuintla,3,503,C1,,57,152,22,1,3,,,,,0,8
Santiago Ixcuintla,3,504,B,,123,175,20,2,8,,,,,0,14
Santiago Ixcuintla,3,520,B,,165,136,35,4,11,,,,,0,0
Santiago Ixcuintla,3,532,B,,199,67,26,1,11,,,,,0,10
Santiago Ixcuintla,3,532,C1,,182,70,27,1,6,,,,,0,15
Santiago Ixcuintla,4,497,B,,193,210,20,4,87,,,,,3,15
Santiago Ixcuintla,4,498,B,,232,151,5,3,50,,,,,0,27
Santiago Ixcuintla,4,499,B,,123,37,8,1,18,,,,,0,13
Santiago Ixcuintla,4,534,B,,113,107,9,4,14,,,,,0,6
Santiago Ixcuintla,4,535,B,,98,135,10,3,19,,,,,0,8
Santiago Ixcuintla,4,536,B,,135,101,15,3,12,,,,,0,9
Santiago Ixcuintla,4,537,B,,114,201,20,4,14,,,,,0,21
Santiago Ixcuintla,4,538,B,,138,170,25,2,13,,,,,0,17
Santiago Ixcuintla,4,539,B,,160,216,10,4,4,,,,,0,13
Santiago Ixcuintla,4,540,B,,209,199,5,3,7,,,,,0,17
Santiago Ixcuintla,4,541,B,,200,239,12,6,24,,,,,3,16
Santiago Ixcuintla,4,542,B,,221,198,13,4,17,,,,,0,8
Santiago Ixcuintla,4,542,E1,,58,60,4,0,1,,,,,0,0
Santiago Ixcuintla,5,457,B,,363,333,7,1,37,,,,,0,0
Santiago Ixcuintla,5,458,B,,424,177,7,0,9,,,,,0,0
Santiago Ixcuintla,5,459,B,,195,205,2,0,21,,,,,0,8
Santiago Ixcuintla,5,459,C1,,146,255,0,0,21,,,,,0,0
Santiago Ixcuintla,5,460,B,,190,267,11,2,84,,,,,0,0
Santiago Ixcuintla,5,460,E1,,19,67,0,1,4,,,,,0,0
Santiago Ixcuintla,5,460,E2,,15,30,1,0,2,,,,,0,0
Santiago Ixcuintla,5,461,B,,134,214,5,1,60,,,,,0,20
Santiago Ixcuintla,5,462,B,,49,26,1,0,55,,,,,7,0
Santiago Ixcuintla,5,463,B,,191,179,22,0,35,,,,,1,20
Santiago Ixcuintla,5,464,B,,48,170,8,2,70,,,,,1,17
Santiago Ixcuintla,5,465,B,,122,298,11,4,137,,,,,0,0
Santiago Ixcuintla,5,466,B,,93,94,3,3,263,,,,,0,0
Santiago Ixcuintla,6,469,B,,160,110,21,2,8,,,,,0,18
Santiago Ixcuintla,6,470,B,,145,284,24,4,4,,,,,0,0
Santiago Ixcuintla,6,471,B,,143,142,33,6,0,,,,,0,8
Santiago Ixcuintla,6,472,B,,197,202,26,9,0,,,,,1,6
Santiago Ixcuintla,6,473,B,,207,138,23,3,0,,,,,0,0
Santiago Ixcuintla,6,474,B,,216,206,48,4,0,,,,,0,0
Santiago Ixcuintla,6,475,B,,131,86,9,2,13,,,,,0,0
Santiago Ixcuintla,6,476,B,,177,51,10,2,0,,,,,0,0
Santiago Ixcuintla,6,487,B,,197,163,30,2,1,,,,,0,0
Santiago Ixcuintla,6,487,E1,,119,67,10,2,1,,,,,0,0
Santiago Ixcuintla,6,487,E2,,25,20,4,0,1,,,,,0,1
Santiago Ixcuintla,6,488,B,,185,272,13,2,1,,,,,0,5
Santiago Ixcuintla,6,489,B,,176,122,19,1,19,,,,,0,9
Santiago Ixcuintla,6,489,E1,,49,46,8,1,1,,,,,0,2
Santiago Ixcuintla,6,490,B,,184,126,8,1,14,,,,,0,7
Santiago Ixcuintla,6,491,B,,238,87,2,0,1,,,,,0,11
Santiago Ixcuintla,7,477,B,,124,95,2,1,0,,,,,0,0
Santiago Ixcuintla,7,478,B,,119,89,6,0,0,,,,,0,0
Santiago Ixcuintla,7,478,E1,,42,62,1,0,0,,,,,0,0
Santiago Ixcuintla,7,479,B,,36,30,0,1,0,,,,,0,1
Santiago Ixcuintla,7,480,B,,58,61,2,0,0,,,,,0,0
Santiago Ixcuintla,7,480,E1,,68,53,0,0,0,,,,,0,0
Santiago Ixcuintla,7,480,E2,,30,23,0,0,0,,,,,0,0
Santiago Ixcuintla,7,481,B,,48,62,0,0,1,,,,,0,0
Santiago Ixcuintla,7,482,B,,180,373,6,1,0,,,,,0,0
Santiago Ixcuintla,7,483,B,,139,198,2,0,0,,,,,0,8
Santiago Ixcuintla,7,483,C1,,118,214,1,0,0,,,,,1,7
Santiago Ixcuintla,7,484,B,,170,371,3,0,0,,,,,0,4
Santiago Ixcuintla,7,485,B,,245,171,7,0,2,,,,,0,0
Santiago Ixcuintla,7,486,B,,134,40,1,1,1,,,,,0,5
Santiago Ixcuintla,7,512,B,,295,187,11,3,0,,,,,0,15
Santiago Ixcuintla,7,513,B,,225,119,5,4,1,,,,,0,7
Santiago Ixcuintla,7,514,B,,92,60,0,0,0,,,,,0,0
Santiago Ixcuintla,7,514,E1,,35,10,0,0,0,,,,,0,0
Santiago Ixcuintla,7,515,B,,133,153,3,22,0,,,,,0,12
Santiago Ixcuintla,7,516,B,,196,158,0,1,1,,,,,0,6
Santiago Ixcuintla,7,517,B,,125,88,4,1,0,,,,,0,4
Santiago Ixcuintla,7,518,B,,75,32,1,0,0,,,,,1,1
Santiago Ixcuintla,8,505,B,,290,215,17,0,35,,,,,0,0
Santiago Ixcuintla,8,506,B,,130,81,6,0,8,,,,,0,0
Santiago Ixcuintla,8,507,B,,249,163,10,2,19,,,,,0,8
Santiago Ixcuintla,8,508,B,,160,112,14,0,17,,,,,0,13
Santiago Ixcuintla,8,508,C1,,182,109,9,22,0,,,,,0,0
Santiago Ixcuintla,8,509,B,,176,58,11,0,8,,,,,0,6
Santiago Ixcuintla,8,510,B,,124,96,2,1,2,,,,,0,0
Santiago Ixcuintla,8,511,B,,187,96,13,0,3,,,,,0,6
Santiago Ixcuintla,8,511,C1,,174,103,8,0,4,,,,,0,6
Santiago Ixcuintla,8,519,B,,153,76,7,1,7,,,,,0,4
Santiago Ixcuintla,8,533,B,,60,26,1,0,0,,,,,0,1
Santiago Ixcuintla,8,543,B,,163,176,43,0,0,,,,,0,6
Santiago Ixcuintla,8,543,C1,,127,168,61,2,0,,,,,0,11
Santiago Ixcuintla,8,544,B,,116,161,24,1,0,,,,,0,6
Santiago Ixcuintla,8,545,B,,251,309,22,0,3,,,,,0,17
Santiago Ixcuintla,8,546,B,,190,168,13,1,0,,,,,0,12
Santiago Ixcuintla,8,546,E1,,69,79,10,4,0,,,,,0,0
Santiago Ixcuintla,9,521,B,,113,229,7,0,1,,,,,0,0
Santiago Ixcuintla,9,522,B,,193,260,9,1,0,,,,,0,12
Santiago Ixcuintla,9,523,B,,292,302,9,2,0,,,,,0,6
Santiago Ixcuintla,9,524,B,,120,221,0,0,1,,,,,1,9
Santiago Ixcuintla,9,525,B,,116,137,5,2,0,,,,,0,1
Santiago Ixcuintla,9,526,B,,190,355,13,0,0,,,,,0,13
Santiago Ixcuintla,9,527,B,,178,226,17,0,1,,,,,0,0
Santiago Ixcuintla,9,528,B,,225,396,8,1,1,,,,,0,5
Santiago Ixcuintla,9,529,B,,116,174,6,0,0,,,,,0,0
Santiago Ixcuintla,9,530,B,,143,172,18,1,0,,,,,0,5
Santiago Ixcuintla,9,531,B,,233,329,8,1,0,,,,,0,15
Tecuala,1,550,B,,141,114,108,15,3,,,,,0,0
Tecuala,1,550,C1,,121,107,108,21,2,,,,,0,0
Tecuala,1,550,E1,,103,97,11,16,0,,,,,0,2
Tecuala,1,551,B,,217,165,3,2,1,,,,,0,0
Tecuala,1,559,B,,111,66,84,22,3,,,,,2,16
Tecuala,1,564,B,,300,123,71,47,9,,,,,0,0
Tecuala,1,570,B,,156,100,18,48,1,,,,,0,0
Tecuala,1,570,C1,,141,94,22,63,1,,,,,0,25
Tecuala,2,549,B,,152,167,117,1,0,,,,,0,0
Tecuala,2,552,B,,133,141,127,3,0,,,,,0,19
Tecuala,2,558,B,,105,97,58,2,1,,,,,0,0
Tecuala,2,560,B,,64,96,75,7,2,,,,,0,7
Tecuala,2,561,B,,113,105,79,1,0,,,,,0,0
Tecuala,2,562,B,,137,134,101,4,1,,,,,0,14
Tecuala,2,563,B,,147,137,93,0,1,,,,,0,10
Tecuala,3,547,B,,179,178,10,1,0,,,,,0,17
Tecuala,3,548,B,,250,179,47,4,1,,,,,0,7
Tecuala,3,553,B,,111,232,8,1,1,,,,,0,5
Tecuala,3,554,B,,185,227,8,1,1,,,,,0,8
Tecuala,3,555,B,,124,196,9,1,0,,,,,0,13
Tecuala,3,556,B,,64,120,6,2,6,,,,,0,2
Tecuala,3,557,B,,100,87,5,1,0,,,,,0,2
Tecuala,4,565,B,,60,44,14,0,1,,,,,0,3
Tecuala,4,566,B,,61,33,12,0,0,,,,,0,4
Tecuala,4,567,B,,259,178,17,2,3,,,,,1,16
Tecuala,4,567,E1,,52,13,18,0,0,,,,,0,2
Tecuala,4,568,B,,259,157,9,3,17,,,,,0,0
Tecuala,4,569,B,,123,100,30,0,0,,,,,0,0
Tecuala,4,579,B,,171,178,56,10,3,,,,,0,15
Tecuala,4,580,B,,215,195,28,2,0,,,,,0,0
Tecuala,4,582,B,,127,142,37,1,7,,,,,0,15
Tecuala,4,582,C1,,135,133,48,2,7,,,,,0,0
Tecuala,5,577,B,,179,84,13,55,5,,,,,0,0
Tecuala,5,578,B,,274,183,27,29,6,,,,,0,19
Tecuala,5,581,B,,232,133,5,0,0,,,,,0,18
Tecuala,5,583,B,,183,371,5,1,0,,,,,0,3
Tecuala,5,584,B,,216,310,5,0,0,,,,,0,0
Tecuala,5,585,B,,161,149,4,0,1,,,,,0,3
Tecuala,5,586,B,,207,219,2,1,0,,,,,0,0
Tecuala,6,587,B,,215,260,2,2,1,,,,,0,19
Tecuala,6,588,B,,235,404,5,1,0,,,,,0,0
Tecuala,6,589,B,,116,36,1,1,0,,,,,0,0
Tecuala,6,590,B,,42,29,0,0,0,,,,,0,1
Tecuala,6,590,E1,,30,49,0,0,0,,,,,0,0
Tecuala,6,591,B,,335,173,9,1,0,,,,,0,16
Tecuala,6,592,B,,96,47,11,8,0,,,,,0,0
Tecuala,6,593,B,,181,61,19,6,0,,,,,0,10
Tecuala,6,594,B,,135,100,5,4,0,,,,,0,5
Tecuala,6,595,B,,215,52,0,0,0,,,,,0,5
Tecuala,6,596,B,,91,104,3,0,0,,,,,0,5
Tecuala,7,571,B,,151,349,26,0,1,,,,,0,0
Tecuala,7,572,B,,129,262,37,1,3,,,,,0,0
Tecuala,7,573,B,,158,347,66,3,1,,,,,0,12
Tecuala,7,574,B,,115,268,42,0,9,,,,,0,0
Tecuala,7,575,B,,191,316,57,3,9,,,,,0,19
Tecuala,7,576,B,,177,236,23,23,2,,,,,0,11
Tepic,1,597,B,280,164,,27,2,14,,,,,0,0
Tepic,1,598,B,205,187,,21,4,9,,,,,0,21
Tepic,1,598,C1,210,184,,27,8,14,,,,,0,15
Tepic,1,598,C2,235,177,,18,5,10,,,,,0,10
Tepic,1,598,C3,201,174,,23,8,5,,,,,2,14
Tepic,1,599,B,147,168,,17,7,8,,,,,0,0
Tepic,1,600,B,128,122,,24,8,8,,,,,2,7
Tepic,1,600,C1,119,125,,23,2,0,,,,,0,0
Tepic,1,601,B,167,152,,25,6,11,,,,,1,9
Tepic,1,601,C1,173,143,,21,5,10,,,,,0,0
Tepic,1,601,C2,183,135,,15,11,0,,,,,0,11
Tepic,1,629,B,103,100,,10,6,2,,,,,0,16
Tepic,1,629,C1,110,108,,12,4,9,,,,,0,8
Tepic,1,630,B,187,148,,25,5,7,,,,,0,15
Tepic,1,630,C1,167,159,,36,2,5,,,,,0,0
Tepic,1,631,B,214,191,,26,8,14,,,,,0,19
Tepic,1,631,C1,181,194,,30,7,10,,,,,0,14
Tepic,1,632,B,159,119,,34,7,10,,,,,2,9
Tepic,1,632,C1,161,104,,27,6,17,,,,,0,14
Tepic,1,635,B,225,181,,30,11,16,,,,,0,23
Tepic,1,635,C1,250,179,,30,4,9,,,,,0,0
Tepic,1,636,B,154,129,,29,5,17,,,,,0,12
Tepic,1,637,B,176,154,,38,1,15,,,,,0,17
Tepic,1,659,B,144,121,,20,6,10,,,,,0,16
Tepic,1,660,B,215,181,,24,4,5,,,,,1,16
Tepic,1,911,B,131,162,,12,2,4,,,,,1,9
Tepic,1,912,B,90,91,,13,2,6,,,,,0,5
Tepic,1,913,B,174,120,,15,2,7,,,,,0,20
Tepic,1,914,B,214,177,,21,10,5,,,,,1,10
Tepic,1,915,B,107,118,,16,2,3,,,,,1,5
Tepic,1,916,B,123,122,,16,5,5,,,,,2,9
Tepic,1,917,B,168,165,,20,2,12,,,,,0,6
Tepic,2,602,B,166,171,,29,2,12,,,,,1,11
Tepic,2,602,C1,192,153,,26,6,8,,,,,0,0
Tepic,2,603,B,117,141,,25,2,7,,,,,1,13
Tepic,2,603,C1,110,128,,20,8,6,,,,,0,15
Tepic,2,604,B,103,154,,14,6,11,,,,,0,13
Tepic,2,604,C1,92,172,,12,1,2,,,,,0,9
Tepic,2,605,B,120,139,,12,5,6,,,,,1,14
Tepic,2,605,C1,121,146,,6,0,5,,,,,0,12
Tepic,2,606,B,142,162,,19,5,8,,,,,3,15
Tepic,2,606,C1,135,192,,28,9,10,,,,,0,5
Tepic,2,607,B,184,213,,19,5,8,,,,,0,32
Tepic,2,607,C1,176,227,,26,5,7,,,,,2,19
Tepic,2,607,C2,199,204,,38,7,6,,,,,1,11
Tepic,2,623,B,110,164,,22,7,8,,,,,0,7
Tepic,2,623,C1,102,157,,5,5,0,,,,,0,16
Tepic,2,624,B,129,267,,22,3,11,,,,,2,19
Tepic,2,625,B,116,182,,18,2,6,,,,,0,6
Tepic,2,626,B,136,174,,42,7,13,,,,,0,0
Tepic,2,626,C1,177,131,,17,2,8,,,,,1,23
Tepic,2,627,B,116,139,,43,4,6,,,,,1,13
Tepic,2,627,C1,139,131,,44,5,7,,,,,0,15
Tepic,2,628,B,180,224,,96,6,12,,,,,0,11
Tepic,2,638,B,139,151,,22,4,12,,,,,0,0
Tepic,2,639,B,186,204,,36,5,13,,,,,0,16
Tepic,2,640,B,112,131,,22,6,7,,,,,0,7
Tepic,2,640,C1,100,125,,27,2,10,,,,,0,8
Tepic,2,641,B,89,177,,32,3,11,,,,,3,10
Tepic,2,642,B,130,253,,26,5,18,,,,,0,19
Tepic,2,654,B,178,136,,25,3,30,,,,,0,22
Tepic,2,655,B,144,156,,23,5,21,,,,,1,10
Tepic,2,656,B,206,195,,28,2,19,,,,,3,13
Tepic,2,657,B,174,192,,15,7,0,,,,,0,14
Tepic,2,658,B,217,225,,25,11,18,,,,,0,22
Tepic,2,667,B,211,188,,11,9,15,,,,,0,11
Tepic,2,668,B,197,129,,23,5,9,,,,,0,12
Tepic,3,614,B,248,178,,26,4,14,,,,,1,16
Tepic,3,615,B,257,205,,22,6,12,,,,,0,0
Tepic,3,616,B,183,104,,19,5,9,,,,,0,13
Tepic,3,616,C1,189,120,,14,5,9,,,,,0,11
Tepic,3,617,B,189,119,,22,7,7,,,,,3,6
Tepic,3,617,C1,199,116,,13,5,16,,,,,0,9
Tepic,3,618,B,147,131,,20,4,2,,,,,0,11
Tepic,3,619,B,222,175,,27,3,5,,,,,0,18
Tepic,3,620,B,211,149,,49,5,11,,,,,2,24
Tepic,3,621,B,133,86,,15,1,7,,,,,0,9
Tepic,3,621,C1,122,113,,13,6,11,,,,,0,14
Tepic,3,622,B,221,151,,17,2,12,,,,,1,18
Tepic,3,643,B,252,175,,32,14,22,,,,,0,26
Tepic,3,644,B,286,133,,19,9,12,,,,,0,20
Tepic,3,649,B,177,125,,25,7,4,,,,,5,7
Tepic,3,650,B,184,117,,20,6,8,,,,,1,10
Tepic,3,651,B,148,130,,34,4,10,,,,,0,12
Tepic,3,651,C1,171,112,,17,7,8,,,,,2,15
Tepic,3,652,B,223,144,,13,5,9,,,,,2,12
Tepic,3,879,B,240,175,,16,6,6,,,,,2,25
Tepic,3,880,B,210,141,,23,3,2,,,,,0,20
Tepic,3,881,B,196,121,,19,6,5,,,,,0,0
Tepic,3,882,B,131,172,,24,4,24,,,,,0,0
Tepic,3,883,B,205,137,,47,12,19,,,,,0,16
Tepic,3,884,B,177,94,,17,5,1,,,,,0,0
Tepic,3,885,B,165,138,,23,5,5,,,,,2,13
Tepic,3,886,B,168,113,,28,7,15,,,,,1,9
Tepic,3,887,B,107,115,,39,1,6,,,,,0,12
Tepic,3,888,B,183,190,,50,6,11,,,,,0,8
Tepic,3,889,B,85,69,,8,3,8,,,,,0,5
Tepic,3,890,B,200,172,,36,6,5,,,,,4,16
Tepic,3,891,B,170,94,,23,5,15,,,,,0,8
Tepic,3,892,B,220,118,,31,6,12,,,,,0,15
Tepic,3,893,B,86,85,,10,1,3,,,,,0,0
Tepic,3,894,B,269,215,,24,5,7,,,,,0,19
Tepic,3,895,B,174,124,,31,7,5,,,,,4,13
Tepic,3,896,B,257,155,,30,9,6,,,,,1,7
Tepic,3,897,B,177,107,,17,1,6,,,,,0,0
Tepic,3,898,B,124,114,,15,2,6,,,,,1,5
Tepic,4,612,B,276,220,,32,10,17,,,,,0,18
Tepic,4,612,C1,271,197,,31,9,18,,,,,6,14
Tepic,4,613,B,258,155,,35,11,12,,,,,0,19
Tepic,4,613,C1,223,174,,32,6,16,,,,,1,18
Tepic,4,645,B,247,197,,38,6,16,,,,,4,15
Tepic,4,646,B,163,109,,26,8,9,,,,,4,14
Tepic,4,646,C1,132,87,,20,6,11,,,,,3,12
Tepic,4,647,B,139,99,,21,8,6,,,,,3,10
Tepic,4,648,B,192,151,,20,4,22,,,,,0,18
Tepic,4,653,B,163,92,,27,5,11,,,,,0,10
Tepic,4,669,B,182,132,,28,3,8,,,,,0,17
Tepic,4,670,B,192,122,,19,3,0,,,,,0,0
Tepic,4,671,B,94,52,,17,0,7,,,,,0,0
Tepic,4,672,B,50,18,,2,0,2,,,,,2,1
Tepic,4,673,B,135,106,,19,2,9,,,,,0,8
Tepic,4,674,B,153,75,,9,2,7,,,,,0,5
Tepic,4,675,B,109,57,,22,2,5,,,,,2,3
Tepic,4,676,B,199,174,,21,11,2,,,,,0,17
Tepic,4,676,C1,157,178,,24,5,7,,,,,0,17
Tepic,4,677,B,240,158,,37,8,11,,,,,0,17
Tepic,4,681,B,237,156,,37,4,18,,,,,3,11
Tepic,4,682,B,97,30,,10,5,2,,,,,0,2
Tepic,4,683,B,71,34,,7,1,3,,,,,2,3
Tepic,4,684,B,89,26,,14,5,3,,,,,1,3
Tepic,4,685,B,149,89,,14,5,10,,,,,1,9
Tepic,4,686,B,75,66,,30,1,3,,,,,0,8
Tepic,4,687,B,202,141,,42,3,21,,,,,0,12
Tepic,4,688,B,195,135,,16,11,11,,,,,0,10
Tepic,4,689,B,176,73,,16,3,5,,,,,0,16
Tepic,4,690,B,141,79,,12,4,8,,,,,0,10
Tepic,4,691,B,140,120,,32,5,8,,,,,0,16
Tepic,4,692,B,196,176,,27,6,6,,,,,7,21
Tepic,4,697,B,149,99,,19,4,21,,,,,0,7
Tepic,4,698,B,134,80,,14,7,14,,,,,0,3
Tepic,4,699,B,85,77,,18,2,7,,,,,0,0
Tepic,4,750,B,180,120,,21,6,6,,,,,2,11
Tepic,4,899,B,157,142,,23,4,21,,,,,7,16
Tepic,4,900,B,115,133,,19,4,11,,,,,1,3
Tepic,4,901,B,120,99,,20,5,5,,,,,0,7
Tepic,4,902,B,155,107,,16,15,16,,,,,1,11
Tepic,4,903,B,154,148,,23,1,10,,,,,0,9
Tepic,4,904,B,212,172,,21,5,22,,,,,1,17
Tepic,4,905,B,119,108,,33,2,13,,,,,0,0
Tepic,4,905,C1,135,115,,23,6,4,,,,,0,6
Tepic,4,906,B,161,173,,34,8,6,,,,,3,14
Tepic,4,907,B,112,93,,17,9,4,,,,,0,9
Tepic,4,908,B,171,154,,21,6,12,,,,,0,16
Tepic,4,909,B,136,87,,43,10,4,,,,,0,6
Tepic,4,910,B,232,149,,44,6,12,,,,,0,17
Tepic,5,678,B,252,180,,40,14,17,,,,,1,26
Tepic,5,678,C1,267,169,,36,11,11,,,,,1,12
Tepic,5,679,B,162,184,,77,23,17,,,,,0,24
Tepic,5,679,C1,152,176,,82,18,9,,,,,0,31
Tepic,5,680,B,140,102,,26,15,5,,,,,0,14
Tepic,5,680,C1,143,117,,17,10,8,,,,,2,12
Tepic,5,693,B,155,130,,21,10,12,,,,,2,0
Tepic,5,693,C1,198,126,,32,12,11,,,,,1,10
Tepic,5,694,B,127,181,,56,9,4,,,,,0,28
Tepic,5,694,C1,133,178,,58,12,8,,,,,0,24
Tepic,5,695,B,191,168,,24,13,9,,,,,2,14
Tepic,5,695,C1,164,199,,25,11,6,,,,,0,22
Tepic,5,695,C2,215,153,,18,7,3,,,,,0,9
Tepic,5,695,C3,183,170,,21,6,16,,,,,0,17
Tepic,5,696,B,143,136,,18,6,11,,,,,4,0
Tepic,5,696,C1,172,105,,23,4,5,,,,,3,8
Tepic,5,704,B,103,82,,8,5,6,,,,,4,6
Tepic,5,705,B,241,175,,16,4,8,,,,,2,13
Tepic,5,706,B,210,163,,23,7,15,,,,,0,14
Tepic,5,707,B,167,123,,23,5,14,,,,,0,10
Tepic,5,708,B,203,150,,19,5,15,,,,,1,15
Tepic,5,709,B,231,143,,41,5,13,,,,,0,13
Tepic,5,709,C1,209,155,,37,6,15,,,,,2,15
Tepic,5,710,B,176,149,,26,3,9,,,,,0,11
Tepic,5,710,C1,170,161,,12,8,14,,,,,0,10
Tepic,5,712,B,112,122,,51,6,3,,,,,0,4
Tepic,5,712,C1,109,125,,57,5,6,,,,,0,11
Tepic,5,713,B,208,151,,17,2,17,,,,,0,19
Tepic,5,713,C1,223,119,,23,2,9,,,,,4,14
Tepic,5,714,B,151,158,,23,11,19,,,,,1,16
Tepic,5,715,B,138,155,,13,5,11,,,,,4,9
Tepic,5,715,C1,169,137,,15,9,14,,,,,2,16
Tepic,5,725,B,235,149,,19,5,8,,,,,0,20
Tepic,5,725,C1,258,139,,17,3,10,,,,,0,18
Tepic,5,728,B,176,110,,4,4,5,,,,,0,8
Tepic,5,728,C1,203,108,,12,4,13,,,,,2,6
Tepic,6,736,B,232,201,,20,5,11,,,,,3,18
Tepic,6,736,C1,196,195,,27,10,6,,,,,0,13
Tepic,6,736,C2,199,207,,33,6,4,,,,,1,10
Tepic,6,738,B,180,189,,13,6,7,,,,,0,21
Tepic,6,738,C1,188,188,,22,14,11,,,,,3,12
Tepic,6,747,B,130,138,,12,5,5,,,,,3,11
Tepic,6,747,C1,136,125,,11,5,9,,,,,0,8
Tepic,6,748,B,140,108,,14,6,0,,,,,0,10
Tepic,6,748,C1,122,125,,11,6,4,,,,,1,7
Tepic,6,923,B,189,144,,24,4,29,,,,,0,7
Tepic,6,924,B,133,156,,18,4,16,,,,,0,6
Tepic,6,925,B,177,117,,18,22,15,,,,,1,6
Tepic,6,926,B,180,234,,24,3,7,,,,,0,0
Tepic,6,927,B,155,157,,13,5,15,,,,,0,15
Tepic,6,928,B,118,85,,15,5,7,,,,,0,15
Tepic,6,929,B,234,181,,60,15,19,,,,,0,22
Tepic,6,930,B,203,195,,25,21,13,,,,,4,17
Tepic,6,931,B,232,223,,16,10,17,,,,,0,14
Tepic,6,932,B,116,137,,29,7,10,,,,,0,9
Tepic,6,932,C1,124,143,,23,5,11,,,,,3,7
Tepic,6,933,B,173,144,,40,6,13,,,,,0,9
Tepic,6,934,B,236,174,,14,7,8,,,,,0,7
Tepic,6,935,B,237,165,,10,3,9,,,,,1,9
Tepic,6,936,B,134,211,,24,8,8,,,,,0,8
Tepic,6,937,B,179,138,,26,5,9,,,,,2,5
Tepic,6,938,B,105,95,,18,5,5,,,,,0,6
Tepic,6,939,B,128,145,,21,0,8,,,,,0,0
Tepic,6,939,C1,139,158,,26,5,7,,,,,0,3
Tepic,6,940,B,178,277,,20,8,5,,,,,0,13
Tepic,6,941,B,141,281,,20,3,10,,,,,0,15
Tepic,6,942,B,157,94,,13,8,7,,,,,3,6
Tepic,6,942,C1,163,95,,10,3,7,,,,,1,9
Tepic,6,943,B,164,123,,14,5,0,,,,,1,13
Tepic,6,944,B,170,134,,15,3,9,,,,,1,9
Tepic,7,749,B,237,171,,14,4,6,,,,,0,15
Tepic,7,749,C1,254,165,,16,2,11,,,,,0,9
Tepic,7,749,C2,239,176,,23,7,13,,,,,3,13
Tepic,7,751,B,269,173,,13,6,11,,,,,4,17
Tepic,7,756,B,158,101,,15,6,9,,,,,3,7
Tepic,7,756,C1,132,101,,17,8,14,,,,,0,9
Tepic,7,757,B,284,187,,12,5,13,,,,,1,9
Tepic,7,759,B,203,104,,14,6,16,,,,,0,11
Tepic,7,759,C1,166,129,,10,4,17,,,,,2,14
Tepic,7,760,B,238,148,,27,5,13,,,,,0,12
Tepic,7,760,C1,244,121,,20,14,12,,,,,0,14
Tepic,7,760,C2,252,140,,14,5,8,,,,,0,10
Tepic,7,761,B,206,167,,23,6,16,,,,,0,17
Tepic,7,762,B,175,138,,23,2,5,,,,,3,10
Tepic,7,762,C1,172,136,,11,6,9,,,,,3,10
Tepic,7,763,B,217,152,,18,16,7,,,,,0,13
Tepic,7,763,C1,214,138,,24,7,12,,,,,1,15
Tepic,7,764,B,219,153,,17,4,9,,,,,0,21
Tepic,7,764,C1,220,128,,16,9,13,,,,,0,12
Tepic,7,764,C2,204,142,,19,6,13,,,,,0,7
Tepic,7,764,C3,233,111,,16,1,16,,,,,0,19
Tepic,7,764,C4,205,140,,19,12,13,,,,,0,18
Tepic,7,766,B,170,105,,17,13,7,,,,,0,15
Tepic,7,766,C1,175,112,,25,6,11,,,,,0,9
Tepic,7,767,B,203,125,,12,5,14,,,,,0,10
Tepic,7,809,B,258,155,,22,7,20,,,,,1,15
Tepic,7,945,B,118,88,,10,6,13,,,,,1,5
Tepic,7,946,B,159,108,,26,2,13,,,,,2,4
Tepic,7,947,B,107,69,,14,3,12,,,,,0,5
Tepic,7,948,B,150,121,,16,3,4,,,,,0,0
Tepic,7,949,B,127,67,,20,1,2,,,,,0,4
Tepic,7,950,B,136,75,,5,4,16,,,,,2,3
Tepic,7,951,B,117,62,,20,0,2,,,,,0,5
Tepic,7,952,B,129,83,,7,0,6,,,,,0,0
Tepic,7,953,B,169,106,,10,0,8,,,,,1,5
Tepic,7,954,B,137,95,,20,1,3,,,,,1,4
Tepic,7,955,B,126,73,,6,2,7,,,,,0,8
Tepic,7,956,B,136,71,,39,1,4,,,,,0,6
Tepic,7,957,B,143,109,,19,3,8,,,,,0,0
Tepic,7,958,B,147,107,,9,4,6,,,,,2,10
Tepic,7,959,B,140,103,,10,3,8,,,,,1,5
Tepic,7,960,B,126,101,,9,2,7,,,,,0,3
Tepic,7,961,B,117,110,,7,3,5,,,,,1,4
Tepic,7,962,B,83,80,,8,1,4,,,,,0,2
Tepic,7,963,B,132,121,,9,1,13,,,,,0,0
Tepic,7,964,B,105,89,,9,0,4,,,,,0,3
Tepic,7,965,B,166,129,,17,5,11,,,,,0,12
Tepic,7,966,B,93,66,,5,1,12,,,,,2,4
Tepic,7,967,B,140,102,,14,3,15,,,,,0,4
Tepic,7,968,B,96,72,,3,3,4,,,,,0,8
Tepic,7,969,B,127,93,,5,3,4,,,,,4,2
Tepic,7,970,B,95,77,,15,1,2,,,,,1,4
Tepic,7,971,B,92,65,,9,4,5,,,,,0,7
Tepic,8,610,B,201,217,,13,6,40,,,,,0,10
Tepic,8,610,C1,218,214,,20,2,38,,,,,0,0
Tepic,8,726,B,235,230,,18,8,10,,,,,1,21
Tepic,8,727,B,225,133,,23,3,14,,,,,1,18
Tepic,8,729,B,163,172,,21,5,15,,,,,0,15
Tepic,8,731,B,211,242,,15,15,20,,,,,0,14
Tepic,8,733,B,146,182,,12,5,14,,,,,0,17
Tepic,8,733,C1,169,176,,13,11,12,,,,,0,17
Tepic,8,734,B,185,204,,27,6,17,,,,,1,14
Tepic,8,735,B,168,177,,15,5,14,,,,,0,14
Tepic,8,739,B,221,143,,9,5,21,,,,,0,8
Tepic,8,739,C1,231,137,,10,1,21,,,,,0,11
Tepic,8,740,B,105,134,,15,2,9,,,,,1,9
Tepic,8,740,C1,136,86,,19,4,7,,,,,0,9
Tepic,8,741,B,236,156,,20,4,16,,,,,0,20
Tepic,8,742,B,231,242,,29,10,18,,,,,7,14
Tepic,8,743,B,212,202,,10,6,19,,,,,0,16
Tepic,8,744,B,201,177,,23,9,23,,,,,3,11
Tepic,8,744,C1,208,190,,27,7,13,,,,,0,0
Tepic,8,745,B,162,120,,20,1,18,,,,,0,17
Tepic,8,745,C1,182,112,,25,4,6,,,,,0,0
Tepic,8,746,B,189,121,,13,3,41,,,,,0,14
Tepic,8,746,C1,182,115,,13,3,27,,,,,1,9
Tepic,8,752,B,172,127,,25,6,5,,,,,0,11
Tepic,8,752,C1,159,130,,24,3,10,,,,,0,17
Tepic,8,753,B,165,150,,30,6,17,,,,,1,4
Tepic,8,753,C1,172,150,,38,6,19,,,,,0,17
Tepic,8,754,B,171,171,,10,3,13,,,,,5,14
Tepic,8,754,C1,158,188,,15,4,17,,,,,0,14
Tepic,8,754,C2,116,200,,16,4,15,,,,,0,17
Tepic,8,755,B,118,109,,8,4,14,,,,,1,6
Tepic,8,755,C1,136,100,,7,1,16,,,,,2,9
Tepic,8,765,B,217,150,,20,6,19,,,,,2,22
Tepic,8,765,C1,228,166,,21,5,20,,,,,0,0
Tepic,8,765,C2,191,160,,37,6,15,,,,,0,14
Tepic,9,661,B,220,126,,16,4,17,,,,,0,18
Tepic,9,661,C1,222,136,,30,8,12,,,,,0,19
Tepic,9,662,B,350,199,,37,11,27,,,,,4,19
Tepic,9,663,B,324,170,,19,10,24,,,,,1,12
Tepic,9,663,C1,358,150,,4,5,8,,,,,2,10
Tepic,9,664,B,331,197,,28,4,11,,,,,0,27
Tepic,9,664,C1,334,207,,20,11,20,,,,,0,18
Tepic,9,665,B,350,167,,27,5,21,,,,,5,26
Tepic,9,666,B,263,175,,28,6,23,,,,,0,19
Tepic,9,700,B,172,139,,12,4,11,,,,,0,7
Tepic,9,700,C1,177,114,,20,4,6,,,,,1,8
Tepic,9,701,B,263,196,,33,3,17,,,,,0,10
Tepic,9,701,C1,248,212,,26,6,15,,,,,3,17
Tepic,9,702,B,178,103,,16,3,16,,,,,0,9
Tepic,9,702,C1,174,120,,21,4,7,,,,,3,7
Tepic,9,703,B,198,144,,14,3,10,,,,,0,16
Tepic,9,716,B,172,104,,13,8,6,,,,,1,5
Tepic,9,717,B,43,31,,2,2,2,,,,,0,2
Tepic,9,718,B,173,175,,12,7,10,,,,,0,12
Tepic,9,719,B,188,122,,16,5,40,,,,,0,0
Tepic,9,719,C1,236,117,,17,8,20,,,,,0,0
Tepic,9,720,B,212,167,,19,11,35,,,,,6,20
Tepic,9,721,B,223,170,,13,9,21,,,,,0,11
Tepic,9,722,B,212,200,,35,5,12,,,,,0,14
Tepic,9,723,B,256,214,,23,11,8,,,,,5,0
Tepic,9,723,C1,241,225,,30,7,13,,,,,0,15
Tepic,9,724,B,171,141,,15,2,13,,,,,3,15
Tepic,9,724,C1,186,163,,15,10,10,,,,,5,17
Tepic,9,724,C2,172,145,,14,6,9,,,,,0,0
Tepic,9,730,B,284,174,,19,5,16,,,,,2,12
Tepic,9,732,B,226,284,,15,7,9,,,,,0,16
Tepic,9,732,C1,232,263,,19,6,6,,,,,0,18
Tepic,9,918,B,251,180,,30,12,17,,,,,4,20
Tepic,9,919,B,185,63,,11,2,10,,,,,1,4
Tepic,9,920,B,250,159,,31,7,20,,,,,3,14
Tepic,9,921,B,213,150,,14,1,15,,,,,2,16
Tepic,9,922,B,184,115,,11,1,13,,,,,3,9
Tepic,10,779,B,169,194,,63,2,2,,,,,0,0
Tepic,10,780,B,215,243,,50,10,3,,,,,2,34
Tepic,10,780,C1,208,212,,57,7,4,,,,,0,24
Tepic,10,781,B,266,200,,44,3,2,,,,,1,20
Tepic,10,782,B,123,117,,34,3,3,,,,,0,16
Tepic,10,782,C1,103,96,,42,1,5,,,,,1,17
Tepic,10,783,B,172,232,,109,1,1,,,,,0,29
Tepic,10,784,B,42,57,,5,5,4,,,,,0,0
Tepic,10,784,E1,22,147,,4,0,0,,,,,0,4
Tepic,10,785,B,112,174,,8,6,2,,,,,0,23
Tepic,10,785,C1,133,169,,16,4,8,,,,,0,19
Tepic,10,786,B,85,110,,15,3,17,,,,,0,8
Tepic,10,796,B,194,280,,37,6,10,,,,,0,0
Tepic,10,797,B,184,315,,23,16,5,,,,,0,22
Tepic,10,798,B,119,302,,11,4,1,,,,,0,8
Tepic,10,799,B,158,176,,20,3,19,,,,,0,10
Tepic,10,799,C1,159,168,,21,4,7,,,,,1,9
Tepic,10,799,C2,179,174,,23,4,7,,,,,0,0
Tepic,10,799,C3,186,166,,21,6,8,,,,,0,13
Tepic,10,799,C4,177,151,,20,2,6,,,,,0,0
Tepic,10,804,B,155,182,,8,9,7,,,,,0,15
Tepic,10,804,C1,150,161,,16,5,3,,,,,0,9
Tepic,10,804,C2,125,184,,20,5,9,,,,,0,11
Tepic,10,804,C3,134,166,,19,2,2,,,,,0,15
Tepic,10,805,B,128,135,,14,6,4,,,,,0,13
Tepic,10,805,C1,119,165,,6,4,10,,,,,1,7
Tepic,10,807,B,135,209,,5,2,1,,,,,2,17
Tepic,10,807,C1,123,249,,4,4,2,,,,,0,0
Tepic,10,807,C2,122,233,,15,5,4,,,,,0,10
Tepic,10,808,B,121,257,,11,3,22,,,,,1,21
Tepic,11,768,B,35,51,,1,1,0,,,,,0,0
Tepic,11,769,B,38,65,,1,0,2,,,,,0,0
Tepic,11,769,E1,49,161,,4,1,0,,,,,0,4
Tepic,11,769,E2,65,136,,4,0,0,,,,,0,13
Tepic,11,770,B,122,277,,8,1,1,,,,,2,13
Tepic,11,770,C1,120,286,,10,4,2,,,,,0,7
Tepic,11,770,E1,29,55,,2,0,0,,,,,0,3
Tepic,11,771,B,53,106,,1,1,0,,,,,0,0
Tepic,11,771,E1,18,63,,1,0,0,,,,,0,0
Tepic,11,772,B,85,156,,7,1,1,,,,,1,14
Tepic,11,772,E1,45,55,,25,1,0,,,,,0,6
Tepic,11,773,B,79,139,,6,1,0,,,,,0,4
Tepic,11,774,B,136,199,,9,1,2,,,,,0,16
Tepic,11,774,C1,145,181,,7,4,3,,,,,0,15
Tepic,11,775,B,68,38,,4,0,2,,,,,0,3
Tepic,11,775,E1,20,41,,3,0,0,,,,,0,0
Tepic,11,776,B,21,51,,1,1,0,,,,,0,2
Tepic,11,777,B,55,54,,1,0,0,,,,,0,3
Tepic,11,778,B,148,132,,7,2,1,,,,,0,24
Tepic,11,787,B,98,85,,13,4,5,,,,,0,12
Tepic,11,788,B,255,293,,11,8,5,,,,,23,0
Tepic,11,789,B,159,128,,11,1,4,,,,,0,17
Tepic,11,789,C1,159,120,,13,2,6,,,,,0,12
Tepic,11,790,B,45,141,,5,0,1,,,,,0,3
Tepic,11,791,B,31,52,,5,0,2,,,,,1,2
Tepic,11,792,B,144,175,,21,3,4,,,,,1,0
Tepic,11,793,B,81,134,,7,0,1,,,,,0,6
Tepic,11,794,B,117,130,,10,0,1,,,,,0,9
Tepic,11,795,B,152,259,,15,2,4,,,,,0,12
Tepic,11,800,B,120,173,,18,0,4,,,,,0,0
Tepic,11,801,B,137,181,,21,0,4,,,,,0,12
Tepic,11,801,C1,114,169,,16,2,8,,,,,0,16
Tepic,11,802,B,205,214,,17,2,1,,,,,1,16
Tepic,11,803,B,138,110,,11,0,2,,,,,0,0
Tepic,11,803,E1,85,56,,25,0,4,,,,,0,7
Tepic,11,803,E2,38,64,,42,0,2,,,,,0,3
Tepic,11,806,B,191,228,,28,3,13,,,,,4,15
Tuxpan,1,810,B,183,162,,44,,95,,,,,0,23
Tuxpan,1,811,B,104,108,,102,,52,,,,,0,0
Tuxpan,1,812,B,175,190,,42,,90,,,,,0,0
Tuxpan,1,815,B,242,143,,22,,67,,,,,0,0
Tuxpan,1,816,B,165,308,,14,,97,,,,,0,25
Tuxpan,2,813,B,133,119,,44,,38,,,,,0,13
Tuxpan,2,814,B,163,205,,75,,23,,,,,0,13
Tuxpan,2,830,B,83,178,,54,,41,,,,,2,0
Tuxpan,2,831,B,192,191,,50,,48,,,,,0,0
Tuxpan,3,817,B,21,106,,76,,62,,,,,1,2
Tuxpan,3,818,B,11,90,,71,,33,,,,,0,7
Tuxpan,3,819,B,53,130,,99,,73,,,,,0,11
Tuxpan,3,828,B,24,56,,105,,69,,,,,0,15
Tuxpan,3,829,B,25,63,,103,,29,,,,,0,0
Tuxpan,3,832,B,49,152,,114,,106,,,,,0,17
Tuxpan,3,833,B,23,101,,134,,73,,,,,0,17
Tuxpan,4,820,B,83,112,,13,,33,,,,,0,5
Tuxpan,4,821,B,111,151,,13,,50,,,,,0,0
Tuxpan,4,826,B,100,139,,11,,44,,,,,0,4
Tuxpan,4,827,B,244,252,,33,,80,,,,,1,23
Tuxpan,4,834,B,45,207,,12,,42,,,,,0,0
Tuxpan,4,835,B,209,235,,20,,64,,,,,0,11
Tuxpan,5,822,B,130,216,,70,,36,,,,,0,19
Tuxpan,5,823,B,140,221,,148,,71,,,,,0,27
Tuxpan,5,824,B,130,176,,140,,101,,,,,0,30
Tuxpan,5,825,B,126,135,,116,,87,,,,,0,22
Tuxpan,6,836,B,315,289,,4,,40,,,,,0,0
Tuxpan,6,837,B,292,222,,12,,61,,,,,0,20
Tuxpan,6,837,E1,32,47,,2,,0,,,,,0,0
Tuxpan,6,838,B,134,129,,11,,44,,,,,0,15
Tuxpan,6,838,C1,117,156,,7,,39,,,,,0,0
Tuxpan,7,839,B,175,209,,21,,79,,,,,1,22
Tuxpan,7,840,B,153,182,,9,,95,,,,,1,19
Tuxpan,7,841,B,176,134,,53,,4,,,,,0,17
Tuxpan,7,842,B,287,183,,46,,4,,,,,0,25
Tuxpan,7,843,B,201,161,,50,,4,,,,,0,21
Xalisco,1,844,B,248,189,,17,10,18,,,,,0,10
Xalisco,1,844,C1,277,171,,14,2,15,,,,,0,16
Xalisco,1,844,C2,266,145,,17,3,16,,,,,0,12
Xalisco,1,844,C3,279,154,,18,4,20,,,,,1,9
Xalisco,1,844,C4,270,163,,15,0,22,,,,,3,18
Xalisco,2,847,B,213,217,,19,1,10,,,,61,0,16
Xalisco,2,847,C1,210,222,,25,3,7,,,,59,0,0
Xalisco,2,847,C2,187,219,,34,1,5,,,,47,2,22
Xalisco,2,847,C3,215,204,,31,3,9,,,,54,0,15
Xalisco,2,847,C4,208,241,,32,1,3,,,,42,0,11
Xalisco,2,847,C5,191,214,,23,2,17,,,,0,74,14
Xalisco,3,845,B,249,165,,24,1,16,,,,,3,18
Xalisco,3,845,C1,283,149,,15,6,13,,,,,1,12
Xalisco,3,845,C2,274,157,,11,5,25,,,,,0,10
Xalisco,3,845,C3,268,159,,18,7,18,,,,,0,9
Xalisco,3,846,B,276,232,,4,7,20,,,,,0,14
Xalisco,3,846,C1,235,242,,14,5,21,,,,,0,14
Xalisco,4,848,B,229,222,,18,9,42,,,,,0,16
Xalisco,4,848,C1,233,246,,18,7,34,,,,,2,0
Xalisco,4,849,B,203,201,,18,10,55,,,,,0,0
Xalisco,4,850,B,291,187,,16,10,30,,,,,0,22
Xalisco,4,850,C1,306,194,,21,3,14,,,,,0,0
Xalisco,5,851,B,202,224,,16,8,11,,,,,0,9
Xalisco,5,852,B,253,279,,41,16,9,,,,,0,23
Xalisco,5,853,B,19,205,,16,36,14,,,,,1,12
Xalisco,5,853,C1,161,194,,14,31,9,,,,,1,10
Xalisco,5,854,B,274,279,,35,14,69,,,,,0,16
Xalisco,5,855,B,251,326,,37,17,20,,,,,3,22
Xalisco,6,857,B,193,172,,3,3,35,,,,,0,0
Xalisco,6,857,C1,203,153,,3,3,34,,,,,0,6
Xalisco,6,858,B,191,169,,4,5,29,,,,,0,12
Xalisco,6,858,C1,182,189,,3,5,35,,,,,1,14
Xalisco,6,859,B,264,288,,12,0,12,,,,,0,13
Xalisco,6,859,C1,197,287,,21,3,18,,,,,2,16
Xalisco,6,860,B,114,209,,7,2,5,,,,,0,5
Xalisco,6,865,B,185,266,,72,0,2,,,,,0,0
Xalisco,6,865,E1,56,72,,12,0,0,,,,,0,0
Xalisco,7,856,B,148,173,,7,0,7,,,,,0,3
Xalisco,7,856,E1,119,94,,1,0,0,,,,,0,0
Xalisco,7,861,B,287,268,,10,0,3,,,,,2,10
Xalisco,7,862,B,175,125,,2,0,1,,,,,0,3
Xalisco,7,862,E1,108,51,,0,0,0,,,,,0,3
Xalisco,7,862,E2,53,85,,1,1,0,,,,,0,0
Xalisco,7,863,B,144,178,,6,2,2,,,,,0,0
Xalisco,7,864,B,175,221,,8,0,4,,,,,0,20
Xalisco,7,864,C1,205,150,,9,1,3,,,,,0,14
Xalisco,7,864,E1,43,48,,7,2,2,,,,,0,1
La Yesca,1,866,B,195,160,,42,,,,,,,0,19
La Yesca,1,872,B,6,107,,68,,,,,,,0,14
La Yesca,1,878,B,254,204,,45,,,,,,,0,0
La Yesca,1,878,E1,10,79,,87,,,,,,,1,15
La Yesca,2,873,B,37,99,,0,,,,,,,0,0
La Yesca,2,873,E1,22,78,,2,,,,,,,0,1
La Yesca,2,873,E2,12,90,,0,,,,,,,0,0
La Yesca,2,873,E3,6,93,,1,,,,,,,0,4
La Yesca,2,874,B,45,102,,0,,,,,,,0,0
La Yesca,2,874,E1,13,103,,1,,,,,,,0,0
La Yesca,2,874,E2,3,104,,1,,,,,,,0,1
La Yesca,3,868,B,28,247,,2,,,,,,,0,5
La Yesca,3,869,B,150,313,,2,,,,,,,0,15
La Yesca,3,869,C1,183,320,,4,,,,,,,0,9
La Yesca,4,870,B,133,193,,6,,,,,,,0,14
La Yesca,4,870,C1,124,218,,2,,,,,,,0,4
La Yesca,4,875,B,174,21,,2,,,,,,,0,8
La Yesca,4,876,B,39,103,,0,,,,,,,0,12
La Yesca,4,876,E1,94,62,,3,,,,,,,1,10
La Yesca,5,867,B,206,303,,99,,45,0,,,,0,0
La Yesca,5,867,E1,71,69,,4,,3,0,,,,0,0
