tla2010aycasilla,,,,,,,,,,,,,,,,,,,,,,,,
,,,,,,,,,,,,,,,,,,,,,,,,
,,,,,,,ALIANZA POR EL PROGRESO DE TLAXCALA,PARTIDO REVOLUCIONARIO INSTITUCIONAL,UNIDOS POR TLAXCALA,UNIDOS POR SAN PABLO,PARTIDO DE LA REVOLUCION DEMOCRATICA,FORTALEZA POR ESPAÑITA,PARA RECUPERAR PANOTLA,TRANSPARENCIA Y HONESTIDAD POR TLAXCALA,PARTIDO DEL TRABAJO,UNIDAD Y TRABAJO POR TLAXCALA,PARTIDO VERDE ECOLOGISTA DE MEXICO,CONVERGENCIA,PARTIDO SOCIALISTA,PARTIDO ALIANZA CIUDADANA,PARTIDO POPULAR,PARTIDO LIBERAL TLAXCALTECA,PARTIDO DEL PUEBLO TLAXCALTECA,VOTOS NULOS
ord,edon,secn,munn,mun,casilla,tipo,Pan-panal-pac,pri,Pri-pvem-ps,Pri-ps,prd,Prd-conve,Prd-pt,Prd-pt-conve,pt,Pt-conve,pvem,conve,ps,pac,pp,plt,ppt,nul
8,29,1,1,AMAXAC DE GUERRERO,1,B,45,,80,,119,,,,2,,,,47,,1,,10,7
9,29,1,1,AMAXAC DE GUERRERO,1,C,61,,76,,125,,,,7,,,,31,,3,,9,14
10,29,2,1,AMAXAC DE GUERRERO,1,B,72,,163,,103,,,,15,,,,26,,3,,24,52
11,29,2,1,AMAXAC DE GUERRERO,1,C,79,,174,,107,,,,14,,,,41,,2,,28,9
12,29,2,1,AMAXAC DE GUERRERO,2,C,103,,165,,114,,,,12,,,,20,,4,,17,13
13,29,2,1,AMAXAC DE GUERRERO,3,C,66,,162,,98,,,,22,,,,25,,4,,19,33
14,29,3,1,AMAXAC DE GUERRERO,1,B,123,,148,,137,,,,17,,,,49,,7,,35,15
15,29,3,1,AMAXAC DE GUERRERO,1,C,113,,174,,176,,,,31,,,,45,,7,,21,13
16,29,3,1,AMAXAC DE GUERRERO,2,C,129,,172,,108,,,,16,,,,42,,6,,27,10
17,29,4,1,AMAXAC DE GUERRERO,1,B,88,,109,,122,,,,10,,,,37,,3,,11,0
18,29,5,2,APETATITLAN DE ANTONIO CARVAJAL,1,B,140,,132,,61,,,,57,,,7,36,,,,,16
19,29,5,2,APETATITLAN DE ANTONIO CARVAJAL,1,C,149,,154,,40,,,,64,,,5,20,,,,,0
20,29,5,2,APETATITLAN DE ANTONIO CARVAJAL,2,C,125,,187,,54,,,,58,,,3,15,,,,,13
21,29,6,2,APETATITLAN DE ANTONIO CARVAJAL,1,B,242,,156,,65,,,,34,,,20,5,,,,,17
22,29,7,2,APETATITLAN DE ANTONIO CARVAJAL,1,B,65,,100,,21,,,,19,,,3,3,,,,,9
23,29,8,2,APETATITLAN DE ANTONIO CARVAJAL,1,B,171,,130,,70,,,,12,,,25,9,,,,,0
24,29,8,2,APETATITLAN DE ANTONIO CARVAJAL,1,C,167,,130,,48,,,,15,,,7,3,,,,,10
25,29,8,2,APETATITLAN DE ANTONIO CARVAJAL,2,C,179,,143,,48,,,,16,,,12,12,,,,,12
26,29,9,2,APETATITLAN DE ANTONIO CARVAJAL,1,B,68,,314,,31,,,,4,,,1,5,,,,,8
27,29,9,2,APETATITLAN DE ANTONIO CARVAJAL,1,C,60,,359,,29,,,,3,,,1,6,,,,,5
28,29,9,2,APETATITLAN DE ANTONIO CARVAJAL,2,C,60,,359,,16,,,,3,,,,5,,,,,10
29,29,10,2,APETATITLAN DE ANTONIO CARVAJAL,1,B,62,,103,,292,,,,3,,,5,14,,,,,12
30,29,10,2,APETATITLAN DE ANTONIO CARVAJAL,1,C,38,,110,,316,,,,7,,,3,8,,,,,14
31,29,10,2,APETATITLAN DE ANTONIO CARVAJAL,2,C,61,,80,,304,,,,0,,,2,13,,,,,9
32,29,11,2,APETATITLAN DE ANTONIO CARVAJAL,1,B,141,,229,,68,,,,9,,,6,10,,,,,11
33,29,12,5,APIZACO,1,B,84,,81,,52,,,,66,,,5,2,15,1,2,1,13
34,29,12,5,APIZACO,1,C,79,,63,,56,,,,82,,,13,4,10,1,2,3,15
35,29,16,5,APIZACO,1,B,120,,58,,123,,,,75,,,10,4,12,0,3,14,11
36,29,16,5,APIZACO,1,C,118,,53,,115,,,,89,,,6,4,11,1,3,20,13
37,29,17,5,APIZACO,1,B,74,,108,,58,,,,167,,,9,3,9,0,4,2,0
38,29,17,5,APIZACO,1,C,70,,126,,58,,,,161,,,12,3,7,4,6,1,14
39,29,18,5,APIZACO,1,B,100,,85,,49,,,,98,,,8,6,17,2,4,2,8
40,29,18,5,APIZACO,1,C,90,,75,,55,,,,137,,,7,5,7,2,3,2,19
41,29,23,5,APIZACO,1,B,62,,90,,59,,,,207,,,11,7,9,2,10,2,20
42,29,24,5,APIZACO,1,B,57,,58,,38,,,,83,,,8,0,4,0,9,3,14
43,29,24,5,APIZACO,1,C,48,,50,,39,,,,96,,,6,3,2,1,7,1,8
44,29,25,5,APIZACO,1,B,100,,67,,46,,,,142,,,16,1,5,3,8,3,16
45,29,25,5,APIZACO,1,C,89,,92,,59,,,,151,,,13,4,4,3,9,1,13
46,29,26,5,APIZACO,1,B,114,,57,,67,,,,117,,,7,1,3,1,6,6,15
47,29,26,5,APIZACO,1,C,116,,59,,78,,,,128,,,12,5,4,1,2,0,13
48,29,27,5,APIZACO,1,B,103,,68,,56,,,,79,,,9,2,6,5,5,1,9
49,29,27,5,APIZACO,1,C,65,,64,,71,,,,106,,,11,4,10,1,3,1,23
50,29,27,5,APIZACO,2,C,83,,78,,31,,,,111,,,16,2,13,4,4,6,10
51,29,33,5,APIZACO,1,B,71,,61,,50,,,,98,,,8,2,6,1,5,0,8
52,29,33,5,APIZACO,1,C,87,,52,,73,,,,110,,,7,1,14,1,0,0,13
53,29,33,5,APIZACO,2,C,77,,58,,76,,,,96,,,9,5,13,3,0,3,12
54,29,34,5,APIZACO,1,B,120,,80,,67,,,,140,,,15,2,9,0,4,4,12
55,29,34,5,APIZACO,1,C,94,,79,,44,,,,137,,,21,3,12,1,3,4,11
56,29,35,5,APIZACO,1,B,373,,289,,56,,,,122,,,33,18,6,4,3,8,53
57,29,35,5,APIZACO,1,C,83,,84,,41,,,,108,,,16,1,2,0,2,2,6
58,29,36,5,APIZACO,1,B,73,,70,,64,,,,99,,,17,2,3,1,2,0,23
59,29,36,5,APIZACO,1,C,77,,72,,57,,,,197,,,19,4,9,0,5,4,12
60,29,36,5,APIZACO,2,C,66,,63,,73,,,,122,,,17,7,10,3,1,2,12
61,29,37,5,APIZACO,1,B,135,,106,,23,,,,33,,,38,12,6,5,7,22,19
62,29,37,5,APIZACO,1,C,69,,75,,51,,,,141,,,20,9,15,3,3,9,11
63,29,38,5,APIZACO,1,B,143,,122,,125,,,,29,,,19,11,25,1,1,5,23
64,29,42,5,APIZACO,1,B,56,,44,,81,,,,37,,,16,0,7,7,6,0,11
65,29,43,5,APIZACO,1,B,112,,63,,104,,,,101,,,18,6,11,2,5,7,25
66,29,43,5,APIZACO,1,C,115,,46,,95,,,,97,,,14,9,11,6,8,9,21
67,29,43,5,APIZACO,2,C,0,0,0,0,0,0,0,0,0,0,0,0,0,0,0,0,0,0
68,29,44,5,APIZACO,1,B,133,,81,,101,,,,75,,,17,15,30,4,11,8,18
69,29,44,5,APIZACO,1,C,118,,79,,116,,,,61,,,13,12,28,6,12,4,40
70,29,45,5,APIZACO,1,B,41,,32,,33,,,,56,,,7,3,1,1,0,1,0
71,29,48,5,APIZACO,1,B,55,,58,,26,,,,88,,,5,6,5,0,4,1,6
72,29,13,5,APIZACO,1,B,74,,68,,85,,,,86,,,12,14,13,3,4,8,15
73,29,13,5,APIZACO,1,C,65,,77,,104,,,,72,,,9,8,7,0,1,9,17
74,29,13,5,APIZACO,2,C,92,,77,,111,,,,78,,,7,4,18,2,2,5,9
75,29,14,5,APIZACO,1,B,0,0,0,0,0,0,0,0,0,0,0,0,0,0,0,0,0,0
76,29,14,5,APIZACO,1,C,117,,67,,87,,,,77,,,15,9,7,3,4,3,9
77,29,14,5,APIZACO,2,C,116,,62,,106,,,,65,,,4,15,5,4,1,6,13
78,29,14,5,APIZACO,3,C,116,,78,,107,,,,59,,,5,13,5,4,2,0,7
79,29,14,5,APIZACO,4,C,102,,85,,121,,,,69,,,9,10,8,6,0,0,10
80,29,15,5,APIZACO,1,B,94,,76,,73,,,,108,,,6,6,14,1,5,13,16
81,29,15,5,APIZACO,1,C,79,,86,,67,,,,121,,,10,4,22,2,3,4,13
82,29,19,5,APIZACO,1,B,113,,66,,64,,,,104,,,7,5,12,1,5,5,12
83,29,19,5,APIZACO,1,C,97,,55,,48,,,,116,,,3,4,14,3,6,,22
84,29,20,5,APIZACO,1,B,106,,71,,79,,,,91,,,15,1,10,2,6,4,7
85,29,21,5,APIZACO,1,B,58,,59,,42,,,,74,,,5,1,8,0,2,1,5
86,29,22,5,APIZACO,1,B,94,,99,,69,,,,111,,,9,3,9,2,3,3,8
87,29,22,5,APIZACO,1,C,94,,109,,73,,,,127,,,8,5,10,1,7,4,19
88,29,28,5,APIZACO,1,B,69,,77,,74,,,,124,,,10,5,6,3,12,8,22
89,29,28,5,APIZACO,1,C,90,,72,,69,,,,123,,,7,4,5,4,10,3,14
90,29,29,5,APIZACO,1,B,82,,50,,63,,,,100,,,9,3,7,0,0,0,21
91,29,29,5,APIZACO,1,C,78,,56,,51,,,,91,,,5,10,0,2,6,1,16
92,29,29,5,APIZACO,2,C,69,,45,,61,,,,106,,,4,5,6,0,2,6,9
93,29,30,5,APIZACO,1,B,73,,71,,95,,,,102,,,16,4,25,1,5,3,7
94,29,30,5,APIZACO,1,C,79,,76,,98,,,,96,,,16,3,15,1,6,5,10
95,29,30,5,APIZACO,2,C,88,,88,,93,,,,82,,,13,3,25,4,0,0,13
96,29,30,5,APIZACO,3,C,80,,76,,99,,,,80,,,11,2,20,2,5,4,19
97,29,30,5,APIZACO,4,C,82,,54,,88,,,,81,,,14,9,25,0,6,3,13
98,29,30,5,APIZACO,5,C,0,0,0,0,0,0,0,0,0,0,0,0,0,0,0,0,0,0
99,29,31,5,APIZACO,1,B,85,,61,,75,,,,70,,,14,0,29,1,4,4,9
100,29,31,5,APIZACO,1,C,75,,56,,80,,,,45,,,9,1,26,3,2,1,17
101,29,31,5,APIZACO,2,C,83,,49,,88,,,,74,,,9,10,13,2,1,2,17
102,29,31,5,APIZACO,3,C,81,,56,,93,,,,62,,,17,8,15,0,2,2,14
103,29,32,5,APIZACO,1,B,63,,62,,32,,,,118,,,6,14,6,2,3,5,14
104,29,32,5,APIZACO,1,C,68,,63,,36,,,,105,,,12,1,1,2,3,2,10
105,29,32,5,APIZACO,2,C,72,,63,,58,,,,90,,,7,8,5,0,5,1,11
106,29,39,5,APIZACO,1,B,73,,95,,63,,,,17,,,23,14,9,1,9,11,10
107,29,39,5,APIZACO,1,C,77,,102,,46,,,,12,,,46,15,13,0,5,10,11
108,29,40,5,APIZACO,1,B,107,,92,,115,,,,22,,,5,44,16,5,3,13,26
109,29,40,5,APIZACO,1,C,104,,90,,114,,,,19,,,14,44,30,2,5,13,12
110,29,40,5,APIZACO,2,C,111,,87,,127,,,,24,,,18,43,16,2,10,14,30
111,29,41,5,APIZACO,1,B,145,,113,,125,,,,42,,,15,26,12,2,0,22,17
112,29,41,5,APIZACO,1,C,107,,107,,144,,,,41,,,15,33,15,0,1,6,18
113,29,41,5,APIZACO,2,C,125,,88,,151,,,,34,,,24,16,44,4,7,11,16
114,29,46,5,APIZACO,1,B,101,,93,,24,,,,68,,,10,14,5,1,7,29,13
115,29,46,5,APIZACO,1,C,91,,92,,146,,,,60,,,12,6,11,1,6,17,11
116,29,47,5,APIZACO,1,B,94,,77,,112,,,,55,,,12,4,18,1,5,4,13
117,29,47,5,APIZACO,1,C,103,,52,,103,,,,44,,,11,9,9,2,6,6,0
118,29,47,5,APIZACO,2,C,116,,64,,103,,,,49,,,6,3,13,4,10,3,10
119,29,49,3,ATLANGATEPEC,1,B,52,,155,,7,,,,,121,,,11,101,,0,5,11
120,29,50,3,ATLANGATEPEC,1,B,39,,99,,3,,,,,35,,,1,59,,0,1,3
121,29,51,3,ATLANGATEPEC,1,B,51,,110,,2,,,,,8,,,2,19,,0,1,10
122,29,52,3,ATLANGATEPEC,1,B,11,,23,,0,,,,,2,,,0,18,,0,1,0
123,29,53,3,ATLANGATEPEC,1,B,83,,83,,7,,,,,85,,,2,66,,0,3,17
124,29,53,3,ATLANGATEPEC,1,C,83,,59,,10,,,,,84,,,8,74,,0,3,12
125,29,54,3,ATLANGATEPEC,1,B,51,,80,,3,,,,,2,,,2,69,,2,0,11
126,29,55,3,ATLANGATEPEC,1,B,17,,45,,4,,,,,63,,,13,47,,0,2,12
127,29,56,3,ATLANGATEPEC,1,B,42,,181,,5,,,,,52,,,14,28,,0,14,12
128,29,56,3,ATLANGATEPEC,1,C,54,,187,,4,,,,,56,,,7,30,,0,22,4
129,29,57,3,ATLANGATEPEC,1,B,53,,79,,9,,,,,19,,,3,52,,0,2,11
130,29,59,4,ATLTZAYANCA,1,B,84,,93,,,,,70,,,,,96,,,,,0
131,29,59,4,ATLTZAYANCA,1,C,48,,74,,,,,75,,,,,113,,,,,16
132,29,60,4,ATLTZAYANCA,1,B,82,,135,,,,,94,,,,,111,,,,,21
133,29,61,4,ATLTZAYANCA,1,B,19,,22,,,,,16,,,,,46,,,,,8
134,29,61,4,ATLTZAYANCA,1,E,7,,113,,,,,5,,,,,64,,,,,5
135,29,62,4,ATLTZAYANCA,1,B,22,,39,,,,,6,,,,,118,,,,,14
136,29,63,4,ATLTZAYANCA,1,B,40,,38,,,,,23,,,,,102,,,,,8
137,29,64,4,ATLTZAYANCA,1,B,46,,37,,,,,1,,,,,45,,,,,11
138,29,65,4,ATLTZAYANCA,1,B,0,0,0,0,0,0,0,0,0,0,0,0,0,0,0,0,0,0
139,29,66,4,ATLTZAYANCA,1,B,52,,133,,,,,18,,,,,49,,,,,16
140,29,67,4,ATLTZAYANCA,1,B,32,,19,,,,,12,,,,,76,,,,,9
141,29,68,4,ATLTZAYANCA,1,B,89,,133,,,,,68,,,,,191,,,,,16
142,29,68,4,ATLTZAYANCA,1,C,102,,130,,,,,81,,,,,185,,,,,25
143,29,69,4,ATLTZAYANCA,1,B,107,,196,,,,,44,,,,,196,,,,,14
144,29,70,4,ATLTZAYANCA,1,B,59,,168,,,,,56,,,,,92,,,,,0
145,29,71,4,ATLTZAYANCA,1,B,86,,209,,,,,42,,,,,214,,,,,31
146,29,72,4,ATLTZAYANCA,1,B,90,,160,,,,,9,,,,,145,,,,,24
147,29,73,4,ATLTZAYANCA,1,B,43,,38,,,,,17,,,,,55,,,,,5
148,29,74,4,ATLTZAYANCA,1,B,96,,169,,,,,31,,,,,302,,,,,0
149,29,75,4,ATLTZAYANCA,1,B,28,,135,,,,,38,,,,,46,,,,,9
150,29,76,4,ATLTZAYANCA,1,B,47,,65,,,,,11,,,,,22,,,,,4
151,29,77,4,ATLTZAYANCA,1,B,84,,156,,,,,74,,,,,116,,,,,24
152,29,77,4,ATLTZAYANCA,1,C,77,,191,,,,,60,,,,,71,,,,,16
158,29,78,6,CALPULALPAN,1,B,51,106,,,90,,,,36,,6,5,6,17,54,7,0,27
159,29,78,6,CALPULALPAN,1,C,49,113,,,70,,,,33,,9,7,10,10,52,5,0,27
160,29,78,6,CALPULALPAN,2,C,51,143,,,70,,,,32,,3,7,6,18,53,2,0,34
161,29,78,6,CALPULALPAN,3,C,51,112,,,75,,,,27,,6,4,13,8,44,0,6,27
162,29,79,6,CALPULALPAN,1,B,36,99,,,45,,,,40,,9,4,29,6,57,5,0,28
163,29,79,6,CALPULALPAN,1,C,18,120,,,41,,,,37,,10,1,16,10,53,2,0,17
164,29,79,6,CALPULALPAN,2,C,40,99,,,58,,,,45,,7,8,16,8,32,2,0,21
165,29,80,6,CALPULALPAN,1,B,43,116,,,47,,,,59,,7,4,41,16,41,14,0,19
166,29,80,6,CALPULALPAN,1,C,32,112,,,47,,,,34,,6,6,33,12,50,5,0,35
167,29,81,6,CALPULALPAN,1,B,46,130,,,61,,,,50,,8,6,50,4,39,1,0,12
168,29,81,6,CALPULALPAN,1,C,51,116,,,57,,,,43,,8,5,50,18,43,3,0,20
169,29,82,6,CALPULALPAN,1,B,36,126,,,45,,,,19,,10,9,24,11,51,6,0,26
170,29,82,6,CALPULALPAN,1,C,31,137,,,49,,,,35,,5,7,13,10,49,4,0,14
171,29,83,6,CALPULALPAN,1,B,35,123,,,69,,,,32,,4,2,15,14,50,5,0,11
172,29,83,6,CALPULALPAN,1,C,46,143,,,51,,,,27,,1,7,19,8,52,5,0,22
173,29,83,6,CALPULALPAN,2,C,34,157,,,63,,,,23,,5,10,9,8,45,12,0,22
174,29,84,6,CALPULALPAN,1,B,45,167,,,56,,,,58,,6,19,17,9,57,6,0,31
175,29,85,6,CALPULALPAN,1,B,53,90,,,60,,,,33,,10,12,9,18,53,1,0,19
176,29,85,6,CALPULALPAN,1,C,53,99,,,62,,,,35,,9,14,16,8,50,2,0,16
177,29,85,6,CALPULALPAN,2,C,33,97,,,77,,,,39,,5,9,8,14,61,2,0,19
178,29,86,6,CALPULALPAN,1,B,57,142,,,81,,,,32,,11,14,6,22,59,0,0,17
179,29,86,6,CALPULALPAN,1,C,82,162,,,61,,,,26,,7,6,6,19,67,2,0,18
180,29,87,6,CALPULALPAN,1,B,15,95,,,40,,,,9,,3,16,6,16,36,1,1,15
181,29,87,6,CALPULALPAN,1,C,17,100,,,37,,,,19,,4,11,3,13,40,0,0,19
182,29,88,6,CALPULALPAN,1,B,31,127,,,37,,,,29,,3,11,9,15,63,5,0,24
183,29,88,6,CALPULALPAN,1,C,31,123,,,42,,,,34,,6,8,4,17,67,5,0,21
184,29,89,6,CALPULALPAN,1,B,25,142,,,52,,,,24,,9,4,9,24,32,7,0,23
185,29,89,6,CALPULALPAN,1,C,33,158,,,50,,,,15,,5,4,10,13,56,5,0,17
186,29,89,6,CALPULALPAN,2,C,27,137,,,45,,,,24,,4,4,6,9,54,0,0,0
187,29,90,6,CALPULALPAN,1,B,26,101,,,61,,,,17,,7,10,12,9,31,5,0,18
188,29,90,6,CALPULALPAN,1,C,28,131,,,62,,,,17,,4,6,9,7,43,3,0,27
189,29,90,6,CALPULALPAN,2,C,32,137,,,54,,,,29,,10,3,5,8,36,4,0,14
190,29,91,6,CALPULALPAN,1,B,112,157,,,96,,,,37,,1,3,15,5,38,0,0,0
191,29,92,6,CALPULALPAN,1,B,94,64,,,313,,,,17,,5,3,1,0,15,0,0,17
192,29,92,6,CALPULALPAN,1,C,87,75,,,309,,,,34,,3,1,6,1,29,2,0,17
193,29,93,6,CALPULALPAN,1,B,30,83,,,144,,,,24,,0,8,6,1,48,1,0,14
194,29,93,6,CALPULALPAN,1,C,46,83,,,136,,,,13,,2,1,5,1,50,1,0,16
195,29,94,6,CALPULALPAN,1,B,53,117,,,180,,,,17,,3,4,12,9,140,2,0,16
196,29,95,6,CALPULALPAN,1,B,64,69,,,64,,,,4,,1,1,11,4,5,0,0,19
197,29,96,6,CALPULALPAN,1,B,60,103,,,119,,,,7,,11,3,2,0,27,1,0,13
198,29,97,6,CALPULALPAN,1,B,201,243,,,34,,,,70,,6,27,15,2,19,2,0,0
199,29,98,6,CALPULALPAN,1,B,65,129,,,71,,,,15,,12,6,15,9,37,3,0,13
200,29,98,6,CALPULALPAN,1,C,95,145,,,63,,,,15,,8,10,17,10,14,0,0,15
201,29,99,6,CALPULALPAN,1,B,20,25,,,1,,,,1,,0,0,2,0,2,0,0,2
332,29,100,7,EL CARMEN TEQUEXQUITLA,1,B,64,,91,,197,,,,,26,,,20,,,,,34
333,29,100,7,EL CARMEN TEQUEXQUITLA,1,C,98,,100,,183,,,,,20,,,28,,,,,40
334,29,100,7,EL CARMEN TEQUEXQUITLA,2,C,92,,101,,169,,,,,21,,,34,,,,,29
335,29,101,7,EL CARMEN TEQUEXQUITLA,1,B,66,,90,,188,,,,,8,,,23,,,,,17
336,29,101,7,EL CARMEN TEQUEXQUITLA,1,C,48,,65,,197,,,,,14,,,40,,,,,26
337,29,101,7,EL CARMEN TEQUEXQUITLA,2,C,44,,76,,177,,,,,10,,,30,,,,,35
338,29,102,7,EL CARMEN TEQUEXQUITLA,1,B,75,,107,,140,,,,,14,,,22,,,,,27
339,29,102,7,EL CARMEN TEQUEXQUITLA,1,C,85,,87,,158,,,,,15,,,10,,,,,21
340,29,102,7,EL CARMEN TEQUEXQUITLA,2,C,47,,117,,180,,,,,13,,,20,,,,,30
341,29,103,7,EL CARMEN TEQUEXQUITLA,1,B,74,,72,,104,,,,,7,,,35,,,,,23
342,29,103,7,EL CARMEN TEQUEXQUITLA,1,C,73,,48,,117,,,,,5,,,37,,,,,33
343,29,104,7,EL CARMEN TEQUEXQUITLA,1,B,108,,102,,189,,,,,24,,,61,,,,,27
344,29,104,7,EL CARMEN TEQUEXQUITLA,1,C,103,,113,,165,,,,,22,,,45,,,,,31
345,29,105,7,EL CARMEN TEQUEXQUITLA,1,B,77,,88,,54,,,,,8,,,7,,,,,17
346,29,106,7,EL CARMEN TEQUEXQUITLA,1,B,56,,50,,41,,,,,2,,,1,,,,,2
308,29,107,8,CUAPIAXTLA,1,B,129,,158,,25,,,,,84,,,23,44,,,,22
309,29,107,8,CUAPIAXTLA,1,C,100,,159,,28,,,,,119,,,20,33,,,,27
310,29,107,8,CUAPIAXTLA,2,C,120,,172,,18,,,,,86,,,11,39,,,,0
311,29,108,8,CUAPIAXTLA,1,B,141,,1129,,35,,,,,76,,,14,58,,,,0
312,29,108,8,CUAPIAXTLA,1,C,119,,128,,38,,,,,106,,,17,52,,,,22
313,29,109,8,CUAPIAXTLA,1,B,105,,110,,33,,,,,62,,,18,53,,,,21
314,29,109,8,CUAPIAXTLA,1,C,119,,79,,32,,,,,80,,,23,49,,,,12
315,29,109,8,CUAPIAXTLA,2,C,131,,79,,24,,,,,83,,,31,40,,,,0
316,29,110,8,CUAPIAXTLA,1,B,58,,176,,18,,,,,40,,,19,67,,,,27
317,29,110,8,CUAPIAXTLA,1,C,86,,162,,21,,,,,40,,,19,74,,,,24
318,29,111,8,CUAPIAXTLA,1,B,44,,35,,7,,,,,22,,,4,55,,,,0
319,29,112,8,CUAPIAXTLA,1,B,22,,37,,3,,,,,24,,,7,12,,,,7
320,29,113,8,CUAPIAXTLA,1,B,34,,46,,4,,,,,51,,,11,26,,,,12
321,29,114,8,CUAPIAXTLA,1,B,89,,132,,32,,,,,111,,,10,67,,,,31
322,29,115,8,CUAPIAXTLA,1,B,37,,87,,2,,,,,48,,,36,50,,,,19
323,29,116,8,CUAPIAXTLA,1,B,63,,109,,17,,,,,30,,,6,22,,,,12
324,29,117,9,CUAXOMULCO,1,B,18,72,,,,,,174,,,96,,,,,,,18
325,29,117,9,CUAXOMULCO,1,C,93,61,,,,,,153,,,86,,,,,,,17
326,29,118,9,CUAXOMULCO,1,B,42,104,,,,,,97,,,109,,,,,,,14
327,29,118,9,CUAXOMULCO,1,C,47,91,,,,,,88,,,109,,,,,,,5
328,29,119,9,CUAXOMULCO,1,B,38,101,,,,,,126,,,97,,,,,,,10
329,29,120,9,CUAXOMULCO,1,B,46,46,,,,,,52,,,19,,,,,,,1
330,29,121,9,CUAXOMULCO,1,B,0,0,0,0,0,0,0,0,0,0,0,0,0,0,0,0,0,0
331,29,121,9,CUAXOMULCO,1,C,70,110,,,,,,98,,,83,,,,,,,0
202,29,122,10,CHIAUTEMPAN,1,B,59,,167,,92,,,,,141,,,23,6,,0,5,10
203,29,122,10,CHIAUTEMPAN,1,C,71,,128,,89,,,,,145,,,38,4,,0,2,12
204,29,123,10,CHIAUTEMPAN,1,B,69,,104,,120,,,,,90,,,47,19,,0,4,24
205,29,123,10,CHIAUTEMPAN,1,C,69,,133,,118,,,,,88,,,41,6,,0,4,24
206,29,124,10,CHIAUTEMPAN,1,B,77,,106,,90,,,,,149,,,4,12,,0,4,15
207,29,124,10,CHIAUTEMPAN,1,C,73,,93,,110,,,,,138,,,5,6,,0,1,16
208,29,125,10,CHIAUTEMPAN,1,B,66,,88,,86,,,,,121,,,14,15,,0,4,14
209,29,125,10,CHIAUTEMPAN,1,C,79,,81,,100,,,,,147,,,24,16,,0,6,8
210,29,126,10,CHIAUTEMPAN,1,B,51,,69,,80,,,,,109,,,15,9,,0,3,14
211,29,126,10,CHIAUTEMPAN,1,C,41,,88,,102,,,,,114,,,21,15,,0,0,11
212,29,126,10,CHIAUTEMPAN,2,C,47,,91,,98,,,,,120,,,20,7,,0,3,14
213,29,127,10,CHIAUTEMPAN,1,B,71,,117,,73,,,,,117,,,28,12,,0,4,15
214,29,127,10,CHIAUTEMPAN,1,C,62,,119,,93,,,,,112,,,17,9,,0,4,21
215,29,127,10,CHIAUTEMPAN,2,C,66,,111,,83,,,,,101,,,37,8,,0,11,15
216,29,128,10,CHIAUTEMPAN,1,B,49,,100,,57,,,,,63,,,15,8,,0,1,5
217,29,128,10,CHIAUTEMPAN,1,C,51,,79,,56,,,,,60,,,18,12,,0,2,10
218,29,129,10,CHIAUTEMPAN,1,B,47,,106,,71,,,,,85,,,18,10,,0,3,12
219,29,129,10,CHIAUTEMPAN,1,C,65,,106,,86,,,,,70,,,24,12,,0,5,15
220,29,130,10,CHIAUTEMPAN,1,B,34,,75,,75,,,,,49,,,17,23,,0,5,10
221,29,130,10,CHIAUTEMPAN,1,C,65,,82,,80,,,,,43,,,2,1,,0,3,7
222,29,131,10,CHIAUTEMPAN,1,B,62,,68,,128,,,,,59,,,24,22,,0,8,11
223,29,131,10,CHIAUTEMPAN,1,C,68,,94,,129,,,,,75,,,21,23,,0,2,9
224,29,132,10,CHIAUTEMPAN,1,B,84,,80,,128,,,,,90,,,22,2,,0,2,13
225,29,132,10,CHIAUTEMPAN,1,C,55,,112,,130,,,,,70,,,22,11,,0,2,8
226,29,133,10,CHIAUTEMPAN,1,B,69,,114,,86,,,,,54,,,17,20,,0,3,18
227,29,133,10,CHIAUTEMPAN,1,C,69,,96,,80,,,,,54,,,25,21,,0,5,22
228,29,134,10,CHIAUTEMPAN,1,B,32,,73,,41,,,,,49,,,5,9,,0,4,0
229,29,134,10,CHIAUTEMPAN,1,C,33,,82,,54,,,,,49,,,8,0,,0,2,11
230,29,135,10,CHIAUTEMPAN,1,B,44,,98,,35,,,,,58,,,4,6,,0,2,7
231,29,135,10,CHIAUTEMPAN,1,C,42,,99,,32,,,,,79,,,15,6,,0,3,6
232,29,136,10,CHIAUTEMPAN,1,B,61,,134,,50,,,,,22,,,16,13,,0,4,22
233,29,137,10,CHIAUTEMPAN,1,B,73,,102,,88,,,,,85,,,9,10,,0,3,10
234,29,137,10,CHIAUTEMPAN,1,C,59,,94,,117,,,,,65,,,15,20,,0,7,16
235,29,137,10,CHIAUTEMPAN,2,C,64,,102,,85,,,,,95,,,17,14,,0,6,17
236,29,138,10,CHIAUTEMPAN,1,B,73,,80,,124,,,,,78,,,21,9,,0,1,18
237,29,138,10,CHIAUTEMPAN,1,C,85,,81,,109,,,,,87,,,28,11,,0,2,17
238,29,139,10,CHIAUTEMPAN,1,B,69,,100,,91,,,,,73,,,27,9,,0,2,13
239,29,139,10,CHIAUTEMPAN,1,C,84,,86,,102,,,,,71,,,17,2,,0,5,15
240,29,139,10,CHIAUTEMPAN,2,C,69,,97,,102,,,,,61,,,27,12,,0,6,13
241,29,139,10,CHIAUTEMPAN,3,C,80,,81,,109,,,,,67,,,26,9,,0,7,9
242,29,140,10,CHIAUTEMPAN,1,B,45,,112,,83,,,,,69,,,14,17,,0,8,19
243,29,140,10,CHIAUTEMPAN,1,C,48,,118,,90,,,,,105,,,14,12,,0,4,8
244,29,141,10,CHIAUTEMPAN,1,B,57,,120,,112,,,,,85,,,9,15,,0,8,23
245,29,141,10,CHIAUTEMPAN,1,C,64,,150,,109,,,,,90,,,7,19,,0,11,17
246,29,141,10,CHIAUTEMPAN,2,C,52,,124,,106,,,,,109,,,8,19,,0,9,10
247,29,141,10,CHIAUTEMPAN,3,C,61,,114,,104,,,,,87,,,14,20,,0,18,23
248,29,141,10,CHIAUTEMPAN,4,C,47,,124,,99,,,,,113,,,15,20,,0,5,17
249,29,142,10,CHIAUTEMPAN,1,B,62,,131,,123,,,,,91,,,13,18,,0,8,28
250,29,142,10,CHIAUTEMPAN,1,C,67,,141,,125,,,,,132,,,12,21,,0,7,24
251,29,143,10,CHIAUTEMPAN,1,B,94,,87,,83,,,,,106,,,43,10,,0,4,16
252,29,143,10,CHIAUTEMPAN,1,C,89,,99,,132,,,,,101,,,29,10,,0,8,20
253,29,144,10,CHIAUTEMPAN,1,B,81,,131,,110,,,,,101,,,14,10,,0,7,13
254,29,144,10,CHIAUTEMPAN,1,C,59,,155,,114,,,,,91,,,27,6,,0,2,15
255,29,144,10,CHIAUTEMPAN,2,C,70,,131,,95,,,,,98,,,25,8,,0,5,16
256,29,145,10,CHIAUTEMPAN,1,B,96,,104,,76,,,,,111,,,15,9,,0,8,21
257,29,145,10,CHIAUTEMPAN,1,C,74,,104,,71,,,,,121,,,20,9,,0,4,22
258,29,150,10,CHIAUTEMPAN,1,E,39,,34,,51,,,,,37,,,3,3,,0,0,4
259,29,150,10,CHIAUTEMPAN,2,E,31,,41,,31,,,,,32,,,4,3,,0,0,11
260,29,146,10,CHIAUTEMPAN,1,B,49,,131,,80,,,,,119,,,6,25,,0,10,17
261,29,146,10,CHIAUTEMPAN,1,C,48,,93,,74,,,,,141,,,14,22,,0,7,15
262,29,147,10,CHIAUTEMPAN,1,B,78,,93,,158,,,,,38,,,10,1,,0,3,12
263,29,147,10,CHIAUTEMPAN,1,C,91,,63,,142,,,,,52,,,6,4,,0,15,19
264,29,148,10,CHIAUTEMPAN,1,B,86,,54,,120,,,,,61,,,8,6,,0,12,10
265,29,148,10,CHIAUTEMPAN,1,C,67,,84,,103,,,,,48,,,11,7,,0,27,10
266,29,149,10,CHIAUTEMPAN,1,B,67,,90,,61,,,,,49,,,9,11,,0,5,10
267,29,149,10,CHIAUTEMPAN,1,C,60,,85,,85,,,,,33,,,8,11,,0,3,3
268,29,149,10,CHIAUTEMPAN,2,C,69,,96,,69,,,,,37,,,7,6,,0,5,11
269,29,149,10,CHIAUTEMPAN,3,C,75,,82,,69,,,,,43,,,5,8,,0,5,14
270,29,156,10,CHIAUTEMPAN,1,B,78,,76,,59,,,,,97,,,9,5,,0,6,21
271,29,156,10,CHIAUTEMPAN,1,C,94,,71,,64,,,,,88,,,3,2,,0,6,13
272,29,157,10,CHIAUTEMPAN,1,B,48,,43,,44,,,,,74,,,5,2,,2,1,15
273,29,157,10,CHIAUTEMPAN,1,C,63,,41,,48,,,,,70,,,9,3,,0,3,9
545,29,161,11,MUNOZ DE DOMINGO ARENAS,1,B,40,,86,,71,,,,,161,,,42,,,,147,17
546,29,161,11,MUNOZ DE DOMINGO ARENAS,1,C,30,,97,,71,,,,,141,,,59,,,,158,28
547,29,162,11,MUNOZ DE DOMINGO ARENAS,1,B,83,,55,,7,,,,,32,,,121,,,,9,15
548,29,162,11,MUNOZ DE DOMINGO ARENAS,1,C,53,,79,,16,,,,,24,,,102,,,,20,13
549,29,163,11,MUNOZ DE DOMINGO ARENAS,1,B,27,,61,,50,,,,,35,,,97,,,,16,9
550,29,164,11,MUNOZ DE DOMINGO ARENAS,1,B,14,,32,,29,,,,,26,,,54,,,,18,7
353,29,165,12,ESPANITA,1,B,127,,48,,,56,,,19,,,,154,8,37,56,,31
354,29,165,12,ESPANITA,1,C,154,,41,,,44,,,12,,,,136,8,20,78,,29
355,29,166,12,ESPANITA,1,B,9,,9,,,4,,,1,,,,3,1,4,9,,1
356,29,167,12,ESPANITA,1,B,34,,23,,,7,,,16,,,,41,7,5,17,,11
357,29,168,12,ESPANITA,1,B,130,,31,,,24,,,14,,,,79,14,55,21,,32
358,29,169,12,ESPANITA,1,B,32,,19,,,11,,,26,,,,21,2,6,22,,4
359,29,170,12,ESPANITA,1,B,126,,50,,,56,,,24,,,,40,5,5,43,,23
360,29,171,12,ESPANITA,1,B,18,,20,,,15,,,6,,,,30,5,3,46,,11
361,29,172,12,ESPANITA,1,B,37,,19,,,8,,,8,,,,30,5,16,28,,11
362,29,173,12,ESPANITA,1,B,27,,46,,,17,,,6,,,,33,3,10,6,,18
363,29,174,12,ESPANITA,1,B,54,,20,,,7,,,7,,,,14,1,2,9,,8
364,29,175,12,ESPANITA,1,B,104,,38,,,53,,,5,,,,50,3,43,26,,7
365,29,176,12,ESPANITA,1,B,48,,31,,,57,,,27,,,,16,3,5,26,,20
366,29,177,12,ESPANITA,1,B,27,,7,,,3,,,9,,,,135,5,12,19,,10
367,29,178,13,HUAMANTLA,1,B,113,,231,,32,,,,9,,,,,4,8,,,13
368,29,178,13,HUAMANTLA,1,C,94,,247,,20,,,,15,,,,,20,5,,,14
369,29,178,13,HUAMANTLA,2,C,129,,248,,37,,,,4,,,,,4,5,,,9
370,29,178,13,HUAMANTLA,3,C,96,,244,,42,,,,6,,,,,8,6,,,13
371,29,179,13,HUAMANTLA,1,B,114,,256,,28,,,,6,,,,,10,6,,,37
372,29,179,13,HUAMANTLA,1,C,104,,224,,32,,,,11,,,,,8,8,,,65
373,29,179,13,HUAMANTLA,2,C,105,,232,,36,,,,7,,,,,9,3,,,21
374,29,179,13,HUAMANTLA,3,C,117,,240,,25,,,,2,,,,,6,6,,,17
375,29,181,13,HUAMANTLA,1,B,127,,230,,14,,,,5,,,,,2,11,,,10
376,29,181,13,HUAMANTLA,1,C,122,,241,,21,,,,11,,,,,6,7,,,13
377,29,181,13,HUAMANTLA,2,C,130,,226,,24,,,,8,,,,,5,13,,,23
378,29,182,13,HUAMANTLA,1,B,90,,194,,21,,,,4,,,,,7,5,,,29
379,29,182,13,HUAMANTLA,1,C,109,,174,,22,,,,4,,,,,13,5,,,11
380,29,183,13,HUAMANTLA,1,B,137,,328,,30,,,,5,,,,,6,1,,,14
381,29,183,13,HUAMANTLA,1,C,99,,306,,24,,,,6,,,,,6,9,,,20
382,29,184,13,HUAMANTLA,1,B,97,,180,,18,,,,2,,,,,9,1,,,0
383,29,184,13,HUAMANTLA,1,C,84,,222,,19,,,,7,,,,,8,2,,,11
384,29,185,13,HUAMANTLA,1,B,111,,217,,28,,,,9,,,,,6,8,,,9
385,29,185,13,HUAMANTLA,1,C,94,,215,,22,,,,3,,,,,5,2,,,15
386,29,186,13,HUAMANTLA,1,B,142,,184,,25,,,,4,,,,,3,11,,,15
387,29,186,13,HUAMANTLA,1,C,132,,192,,27,,,,6,,,,,3,11,,,22
388,29,187,13,HUAMANTLA,1,B,117,,183,,23,,,,2,,,,,4,12,,,11
389,29,187,13,HUAMANTLA,1,C,93,,195,,18,,,,9,,,,,10,11,,,10
390,29,187,13,HUAMANTLA,2,C,115,,185,,23,,,,3,,,,,10,12,,,6
391,29,188,13,HUAMANTLA,1,B,101,,194,,30,,,,2,,,,,6,7,,,11
392,29,188,13,HUAMANTLA,1,C,89,,221,,28,,,,3,,,,,10,7,,,14
393,29,188,13,HUAMANTLA,2,C,113,,194,,30,,,,7,,,,,7,7,,,15
394,29,188,13,HUAMANTLA,3,C,113,,186,,15,,,,5,,,,,18,11,,,147
395,29,189,13,HUAMANTLA,1,B,130,,219,,32,,,,5,,,,,5,4,,,12
396,29,189,13,HUAMANTLA,1,C,141,,225,,35,,,,0,,,,,5,0,,,0
397,29,190,13,HUAMANTLA,1,B,81,,160,,23,,,,4,,,,,7,0,,,14
398,29,190,13,HUAMANTLA,1,C,73,,152,,13,,,,7,,,,,8,6,,,17
399,29,191,13,HUAMANTLA,1,B,105,,199,,17,,,,5,,,,,11,11,,,13
400,29,191,13,HUAMANTLA,1,C,92,,192,,23,,,,10,,,,,9,4,,,16
401,29,192,13,HUAMANTLA,1,B,106,,187,,26,,,,5,,,,,11,5,,,29
402,29,192,13,HUAMANTLA,1,C,126,,148,,42,,,,13,,,,,22,8,,,17
403,29,192,13,HUAMANTLA,2,C,127,,147,,24,,,,15,,,,,14,8,,,17
404,29,193,13,HUAMANTLA,1,B,127,,267,,16,,,,25,,,,,11,13,,,21
405,29,194,13,HUAMANTLA,1,B,118,,234,,18,,,,16,,,,,12,3,,,20
406,29,194,13,HUAMANTLA,1,C,118,,216,,29,,,,21,,,,,16,7,,,18
407,29,194,13,HUAMANTLA,2,C,99,,242,,30,,,,16,,,,,7,10,,,23
408,29,195,13,HUAMANTLA,1,B,125,,217,,26,,,,9,,,,,15,16,,,26
409,29,195,13,HUAMANTLA,1,C,124,,242,,29,,,,15,,,,,12,5,,,14
410,29,196,13,HUAMANTLA,1,B,81,,172,,5,,,,5,,,,,12,2,,,29
411,29,196,13,HUAMANTLA,1,C,96,,174,,8,,,,8,,,,,6,1,,,19
412,29,199,13,HUAMANTLA,1,B,90,,285,,32,,,,7,,,,,4,1,,,17
413,29,200,13,HUAMANTLA,1,B,139,,216,,65,,,,1,,,,,15,10,,,23
414,29,200,13,HUAMANTLA,1,C,110,,229,,80,,,,6,,,,,9,11,,,12
415,29,205,13,HUAMANTLA,1,B,92,,65,,7,,,,1,,,,,0,0,,,0
416,29,206,13,HUAMANTLA,1,B,217,,217,,30,,,,24,,,,,77,2,,,33
417,29,207,13,HUAMANTLA,1,B,80,,285,,64,,,,7,,,,,8,2,,,14
418,29,208,13,HUAMANTLA,1,B,173,,194,,32,,,,15,,,,,45,2,,,0
419,29,209,13,HUAMANTLA,1,B,166,,267,,23,,,,7,,,,,29,2,,,17
420,29,210,13,HUAMANTLA,1,B,65,,56,,6,,,,1,,,,,1,0,,,2
421,29,211,13,HUAMANTLA,1,B,156,,347,,30,,,,4,,,,,5,2,,,27
422,29,215,13,HUAMANTLA,1,B,83,,87,,11,,,,1,,,,,11,0,,,8
423,29,216,13,HUAMANTLA,1,B,141,,229,,8,,,,11,,,,,32,2,,,43
424,29,217,13,HUAMANTLA,1,B,110,,239,,27,,,,2,,,,,5,3,,,16
425,29,218,13,HUAMANTLA,1,B,107,,215,,32,,,,6,,,,,28,8,,,16
426,29,219,13,HUAMANTLA,1,B,149,,166,,32,,,,7,,,,,16,7,,,24
427,29,180,13,HUAMANTLA,1,B,113,,300,,17,,,,15,,,,,7,5,,,25
428,29,180,13,HUAMANTLA,1,C,109,,299,,32,,,,16,,,,,17,5,,,15
429,29,180,13,HUAMANTLA,2,C,132,,272,,26,,,,11,,,,,4,11,,,32
430,29,197,13,HUAMANTLA,1,B,49,,49,,19,,,,3,,,,,3,8,,,4
431,29,198,13,HUAMANTLA,1,B,134,,122,,13,,,,4,,,,,11,5,,,9
432,29,201,13,HUAMANTLA,1,B,135,,247,,34,,,,13,,,,,11,5,,,31
433,29,201,13,HUAMANTLA,1,C,137,,216,,29,,,,7,,,,,22,9,,,34
434,29,201,13,HUAMANTLA,2,C,121,,194,,41,,,,12,,,,,19,7,,,54
435,29,201,13,HUAMANTLA,3,C,122,,225,,39,,,,6,,,,,12,8,,,32
436,29,202,13,HUAMANTLA,1,B,84,,181,,24,,,,8,,,,,8,4,,,20
437,29,203,13,HUAMANTLA,1,B,124,,173,,38,,,,9,,,,,16,9,,,28
438,29,203,13,HUAMANTLA,1,C,157,,175,,25,,,,2,,,,,5,6,,,24
439,29,203,13,HUAMANTLA,2,C,119,,199,,24,,,,12,,,,,9,12,,,0
440,29,204,13,HUAMANTLA,1,B,135,,222,,66,,,,5,,,,,16,12,,,33
441,29,204,13,HUAMANTLA,1,C,132,,230,,46,,,,11,,,,,8,18,,,33
442,29,212,13,HUAMANTLA,1,B,110,,128,,10,,,,9,,,,,3,6,,,12
443,29,213,13,HUAMANTLA,1,B,109,,235,,62,,,,10,,,,,23,25,,,38
444,29,213,13,HUAMANTLA,1,C,107,,240,,65,,,,6,,,,,41,7,,,26
445,29,213,13,HUAMANTLA,2,C,131,,260,,60,,,,6,,,,,26,24,,,33
446,29,214,13,HUAMANTLA,1,B,138,,298,,55,,,,13,,,,,35,11,,,29
447,29,214,13,HUAMANTLA,1,C,128,,307,,0,,,,0,,,,,24,18,,,43
448,29,220,14,HUEYOTLIPAN,1,B,122,,41,,4,,,,10,,,,,43,160,,6,9
449,29,220,14,HUEYOTLIPAN,1,C,109,,39,,1,,,,9,,,,,53,151,,8,20
450,29,220,14,HUEYOTLIPAN,2,C,132,,21,,5,,,,15,,,,,46,174,,12,13
451,29,221,14,HUEYOTLIPAN,1,B,122,,29,,4,,,,7,,,,,63,138,,3,24
452,29,221,14,HUEYOTLIPAN,1,C,134,,26,,1,,,,16,,,,,48,153,,4,13
453,29,221,14,HUEYOTLIPAN,2,C,137,,10,,3,,,,13,,,,,75,168,,9,12
454,29,222,14,HUEYOTLIPAN,1,B,89,,49,,26,,,,8,,,,,29,113,,3,14
455,29,222,14,HUEYOTLIPAN,1,C,82,,45,,16,,,,3,,,,,22,135,,2,22
456,29,223,14,HUEYOTLIPAN,1,B,75,,22,,2,,,,11,,,,,11,90,,0,18
457,29,224,14,HUEYOTLIPAN,1,B,225,,20,,7,,,,5,,,,,8,162,,6,5
458,29,225,14,HUEYOTLIPAN,1,B,54,,18,,8,,,,14,,,,,5,57,,2,10
459,29,226,14,HUEYOTLIPAN,1,B,87,,111,,4,,,,6,,,,,26,64,,1,21
460,29,227,14,HUEYOTLIPAN,1,B,124,,62,,17,,,,21,,,,,27,142,,3,14
461,29,228,14,HUEYOTLIPAN,1,B,53,,141,,67,,,,11,,,,,13,25,,3,29
462,29,228,14,HUEYOTLIPAN,1,C,29,,159,,77,,,,21,,,,,11,26,,3,32
463,29,228,14,HUEYOTLIPAN,2,C,22,,151,,76,,,,17,,,,,13,37,,3,4
464,29,228,14,HUEYOTLIPAN,3,C,36,,191,,63,,,,10,,,,,9,39,,2,22
465,29,229,14,HUEYOTLIPAN,1,B,3,,27,,18,,,,7,,,,,11,11,,1,7
466,29,230,14,HUEYOTLIPAN,1,B,40,,69,,51,,,,15,,,,,15,147,,1,0
467,29,231,14,HUEYOTLIPAN,1,B,29,,47,,2,,,,11,,,,,6,29,,9,7
468,29,232,15,IXTACUIXTLA DE MARIANO MATAMOROS,1,B,109,,196,,,,,21,,,,,,,,,,9
469,29,232,15,IXTACUIXTLA DE MARIANO MATAMOROS,1,C,97,,186,,,,,21,,,,,,,,,,0
470,29,232,15,IXTACUIXTLA DE MARIANO MATAMOROS,2,C,100,,219,,,,,27,,,,,,,,,,10
471,29,233,15,IXTACUIXTLA DE MARIANO MATAMOROS,1,B,170,,236,,,,,30,,,,,,,,,,12
472,29,233,15,IXTACUIXTLA DE MARIANO MATAMOROS,1,C,205,,212,,,,,38,,,,,,,,,,19
473,29,234,15,IXTACUIXTLA DE MARIANO MATAMOROS,1,B,181,,155,,,,,18,,,,,,,,,,14
474,29,234,15,IXTACUIXTLA DE MARIANO MATAMOROS,1,C,179,,158,,,,,18,,,,,,,,,,11
475,29,235,15,IXTACUIXTLA DE MARIANO MATAMOROS,1,B,60,,59,,,,,10,,,,,,,,,,7
476,29,236,15,IXTACUIXTLA DE MARIANO MATAMOROS,1,B,97,,53,,,,,14,,,,,,,,,,5
477,29,237,15,IXTACUIXTLA DE MARIANO MATAMOROS,1,B,86,,93,,,,,12,,,,,,,,,,6
478,29,238,15,IXTACUIXTLA DE MARIANO MATAMOROS,1,B,69,,65,,,,,13,,,,,,,,,,5
479,29,239,15,IXTACUIXTLA DE MARIANO MATAMOROS,1,B,159,,98,,,,,4,,,,,,,,,,6
480,29,240,15,IXTACUIXTLA DE MARIANO MATAMOROS,1,B,143,,214,,,,,37,,,,,,,,,,25
481,29,241,15,IXTACUIXTLA DE MARIANO MATAMOROS,1,B,172,,185,,,,,53,,,,,,,,,,15
482,29,241,15,IXTACUIXTLA DE MARIANO MATAMOROS,1,C,136,,172,,,,,43,,,,,,,,,,29
483,29,242,15,IXTACUIXTLA DE MARIANO MATAMOROS,1,B,89,,185,,,,,42,,,,,,,,,,10
484,29,242,15,IXTACUIXTLA DE MARIANO MATAMOROS,1,C,82,,139,,,,,56,,,,,,,,,,10
485,29,243,15,IXTACUIXTLA DE MARIANO MATAMOROS,1,B,102,,88,,,,,6,,,,,,,,,,5
486,29,244,15,IXTACUIXTLA DE MARIANO MATAMOROS,1,B,72,,140,,,,,41,,,,,,,,,,15
487,29,245,15,IXTACUIXTLA DE MARIANO MATAMOROS,1,B,110,,259,,,,,68,,,,,,,,,,13
488,29,245,15,IXTACUIXTLA DE MARIANO MATAMOROS,1,C,146,,255,,,,,72,,,,,,,,,,11
489,29,245,15,IXTACUIXTLA DE MARIANO MATAMOROS,2,C,112,,277,,,,,67,,,,,,,,,,17
490,29,246,15,IXTACUIXTLA DE MARIANO MATAMOROS,1,B,146,,234,,,,,58,,,,,,,,,,20
491,29,247,15,IXTACUIXTLA DE MARIANO MATAMOROS,1,B,147,,225,,,,,66,,,,,,,,,,19
492,29,247,15,IXTACUIXTLA DE MARIANO MATAMOROS,1,C,211,,207,,,,,42,,,,,,,,,,19
493,29,248,15,IXTACUIXTLA DE MARIANO MATAMOROS,1,B,97,,250,,,,,28,,,,,,,,,,9
494,29,248,15,IXTACUIXTLA DE MARIANO MATAMOROS,1,C,125,,225,,,,,34,,,,,,,,,,10
495,29,249,15,IXTACUIXTLA DE MARIANO MATAMOROS,1,B,170,,115,,,,,35,,,,,,,,,,17
496,29,250,15,IXTACUIXTLA DE MARIANO MATAMOROS,1,B,182,,301,,,,,73,,,,,,,,,,17
497,29,251,15,IXTACUIXTLA DE MARIANO MATAMOROS,1,B,178,,194,,,,,150,,,,,,,,,,10
498,29,251,15,IXTACUIXTLA DE MARIANO MATAMOROS,1,C,171,,181,,,,,126,,,,,,,,,,20
499,29,251,15,IXTACUIXTLA DE MARIANO MATAMOROS,2,C,154,,202,,,,,124,,,,,,,,,,24
500,29,252,15,IXTACUIXTLA DE MARIANO MATAMOROS,1,B,132,,274,,,,,29,,,,,,,,,,0
501,29,252,15,IXTACUIXTLA DE MARIANO MATAMOROS,1,C,154,,285,,,,,41,,,,,,,,,,9
502,29,253,15,IXTACUIXTLA DE MARIANO MATAMOROS,1,B,128,,258,,,,,46,,,,,,,,,,10
503,29,253,15,IXTACUIXTLA DE MARIANO MATAMOROS,1,C,114,,294,,,,,43,,,,,,,,,,6
504,29,256,15,IXTACUIXTLA DE MARIANO MATAMOROS,1,B,199,,155,,,,,32,,,,,,,,,,13
505,29,256,15,IXTACUIXTLA DE MARIANO MATAMOROS,1,C,166,,131,,,,,52,,,,,,,,,,0
506,29,257,15,IXTACUIXTLA DE MARIANO MATAMOROS,1,B,94,,100,,,,,41,,,,,,,,,,7
507,29,257,15,IXTACUIXTLA DE MARIANO MATAMOROS,1,C,78,,116,,,,,30,,,,,,,,,,11
508,29,258,15,IXTACUIXTLA DE MARIANO MATAMOROS,1,B,74,,102,,,,,34,,,,,,,,,,8
509,29,259,16,IXTENCO,1,B,60,,88,,18,,,,11,,,49,56,107,,13,,23
510,29,259,16,IXTENCO,1,C,66,,75,,47,,,,5,,,45,58,89,,16,,27
511,29,260,16,IXTENCO,1,B,44,,68,,27,,,,6,,,38,66,103,,15,,21
512,29,260,16,IXTENCO,1,C,44,,68,,27,,,,6,,,38,66,103,,15,,21
513,29,261,16,IXTENCO,1,B,49,,73,,28,,,,9,,,64,99,95,,7,,27
514,29,261,16,IXTENCO,1,C,43,,49,,19,,,,4,,,41,71,39,,9,,28
515,29,262,16,IXTENCO,1,B,46,,45,,25,,,,5,,,51,56,51,,8,,13
516,29,262,16,IXTENCO,1,C,0,0,0,0,0,0,0,0,0,0,0,0,0,0,0,0,0,0
536,29,263,17,MAZATECOCHCO DE JOSE MARIA MORELOSS,1,B,36,,69,,189,,,,,,,,,86,,,36,8
537,29,263,17,MAZATECOCHCO DE JOSE MARIA MORELOSS,1,C,67,,66,,195,,,,,,,,,74,,,34,10
538,29,263,17,MAZATECOCHCO DE JOSE MARIA MORELOSS,2,C,25,,73,,215,,,,,,,,,94,,,21,12
539,29,264,17,MAZATECOCHCO DE JOSE MARIA MORELOSS,1,B,92,,158,,162,,,,,,,,,100,,,35,11
540,29,264,17,MAZATECOCHCO DE JOSE MARIA MORELOSS,1,C,63,,216,,112,,,,,,,,,112,,,32,16
541,29,265,17,MAZATECOCHCO DE JOSE MARIA MORELOSS,1,B,144,,99,,140,,,,,,,,,125,,,23,12
542,29,265,17,MAZATECOCHCO DE JOSE MARIA MORELOSS,1,C,98,,114,,171,,,,,,,,,144,,,16,8
543,29,266,17,MAZATECOCHCO DE JOSE MARIA MORELOSS,1,B,73,,77,,169,,,,,,,,,137,,,24,22
544,29,266,17,MAZATECOCHCO DE JOSE MARIA MORELOSS,1,C,84,,75,,208,,,,,,,,,121,,,16,0
274,29,267,18,CONTLA DE JUAN CUAMATZI,1,B,136,219,,,20,,,,,,113,,21,,,,,11
275,29,267,18,CONTLA DE JUAN CUAMATZI,1,C,151,235,,,11,,,,,,86,,16,,,,,27
276,29,268,18,CONTLA DE JUAN CUAMATZI,1,B,168,166,,,15,,,,,,65,,15,,,,,6
277,29,268,18,CONTLA DE JUAN CUAMATZI,1,C,168,143,,,16,,,,,,48,,10,,,,,11
278,29,268,18,CONTLA DE JUAN CUAMATZI,2,C,152,166,,,5,,,,,,57,,8,,,,,15
279,29,269,18,CONTLA DE JUAN CUAMATZI,1,B,140,216,,,13,,,,,,84,,10,,,,,11
280,29,269,18,CONTLA DE JUAN CUAMATZI,1,C,118,220,,,16,,,,,,80,,16,,,,,17
281,29,270,18,CONTLA DE JUAN CUAMATZI,1,B,117,124,,,14,,,,,,55,,8,,,,,14
282,29,270,18,CONTLA DE JUAN CUAMATZI,1,C,146,130,,,9,,,,,,59,,5,,,,,9
283,29,271,18,CONTLA DE JUAN CUAMATZI,1,B,167,260,,,14,,,,,,87,,6,,,,,12
284,29,271,18,CONTLA DE JUAN CUAMATZI,1,C,169,240,,,12,,,,,,114,,7,,,,,12
285,29,272,18,CONTLA DE JUAN CUAMATZI,1,B,151,218,,,12,,,,,,58,,7,,,,,8
286,29,272,18,CONTLA DE JUAN CUAMATZI,1,C,152,206,,,24,,,,,,72,,7,,,,,0
287,29,272,18,CONTLA DE JUAN CUAMATZI,2,C,144,162,,,12,,,,,,68,,9,,,,,13
288,29,272,18,CONTLA DE JUAN CUAMATZI,3,C,144,220,,,15,,,,,,80,,6,,,,,7
289,29,273,18,CONTLA DE JUAN CUAMATZI,1,B,128,192,,,14,,,,,,55,,9,,,,,13
290,29,273,18,CONTLA DE JUAN CUAMATZI,1,C,105,168,,,9,,,,,,67,,6,,,,,14
291,29,273,18,CONTLA DE JUAN CUAMATZI,2,C,102,165,,,9,,,,,,76,,8,,,,,17
292,29,274,18,CONTLA DE JUAN CUAMATZI,1,B,115,134,,,23,,,,,,102,,11,,,,,4
293,29,274,18,CONTLA DE JUAN CUAMATZI,1,C,94,143,,,32,,,,,,85,,6,,,,,14
294,29,275,18,CONTLA DE JUAN CUAMATZI,1,B,149,142,,,11,,,,,,141,,22,,,,,14
295,29,275,18,CONTLA DE JUAN CUAMATZI,1,C,126,134,,,6,,,,,,173,,19,,,,,13
296,29,276,18,CONTLA DE JUAN CUAMATZI,1,B,127,185,,,12,,,,,,158,,31,,,,,13
297,29,276,18,CONTLA DE JUAN CUAMATZI,1,C,119,190,,,10,,,,,,202,,23,,,,,10
298,29,277,18,CONTLA DE JUAN CUAMATZI,1,B,91,110,,,10,,,,,,50,,13,,,,,17
299,29,278,18,CONTLA DE JUAN CUAMATZI,1,B,60,95,,,6,,,,,,82,,6,,,,,14
300,29,279,18,CONTLA DE JUAN CUAMATZI,1,B,66,286,,,47,,,,,,56,,6,,,,,16
301,29,279,18,CONTLA DE JUAN CUAMATZI,1,C,68,304,,,36,,,,,,55,,6,,,,,11
302,29,280,18,CONTLA DE JUAN CUAMATZI,1,B,66,74,,,8,,,,,,88,,8,,,,,6
303,29,281,18,CONTLA DE JUAN CUAMATZI,1,B,162,126,,,26,,,,,,114,,9,,,,,15
304,29,281,18,CONTLA DE JUAN CUAMATZI,1,C,185,96,,,35,,,,,,79,,16,,,,,18
305,29,282,18,CONTLA DE JUAN CUAMATZI,1,B,48,120,,,11,,,,,,10,,12,,,,,13
306,29,283,18,CONTLA DE JUAN CUAMATZI,1,B,146,153,,,4,,,,,,81,,8,,,,,9
307,29,283,18,CONTLA DE JUAN CUAMATZI,1,C,114,165,,,14,,,,,,88,,8,,,,,15
849,29,284,19,TEPETITLA DE LARDIZABAL,1,B,107,16,,,17,,,,,22,,116,19,40,65,,2,15
850,29,284,19,TEPETITLA DE LARDIZABAL,1,C,90,10,,,13,,,,,24,,101,26,75,55,,6,14
851,29,285,19,TEPETITLA DE LARDIZABAL,1,B,116,9,,,32,,,,,7,,96,23,20,88,,5,32
852,29,285,19,TEPETITLA DE LARDIZABAL,1,C,111,16,,,37,,,,,10,,110,31,16,81,,11,12
853,29,286,19,TEPETITLA DE LARDIZABAL,1,B,119,11,,,36,,,,,8,,81,20,44,87,,1,9
854,29,286,19,TEPETITLA DE LARDIZABAL,1,C,95,17,,,34,,,,,14,,55,44,65,92,,2,15
855,29,286,19,TEPETITLA DE LARDIZABAL,2,C,123,18,,,36,,,,,17,,47,43,59,65,,7,11
856,29,287,19,TEPETITLA DE LARDIZABAL,1,B,112,27,,,20,,,,,20,,54,32,66,92,,8,45
857,29,287,19,TEPETITLA DE LARDIZABAL,1,C,129,19,,,24,,,,,14,,66,39,79,89,,4,27
858,29,288,19,TEPETITLA DE LARDIZABAL,1,B,80,62,,,6,,,,,8,,23,133,32,16,,6,19
859,29,288,19,TEPETITLA DE LARDIZABAL,1,C,88,52,,,12,,,,,6,,19,148,34,29,,5,20
860,29,288,19,TEPETITLA DE LARDIZABAL,2,C,74,60,,,16,,,,,6,,17,145,26,31,,11,11
861,29,289,19,TEPETITLA DE LARDIZABAL,1,B,104,48,,,15,,,,,20,,21,184,23,8,,6,22
862,29,289,19,TEPETITLA DE LARDIZABAL,1,C,100,49,,,12,,,,,18,,18,178,17,15,,4,26
863,29,290,19,TEPETITLA DE LARDIZABAL,1,B,57,63,,,29,,,,,19,,45,221,18,9,,12,23
864,29,290,19,TEPETITLA DE LARDIZABAL,1,C,72,63,,,23,,,,,16,,29,240,18,23,,9,16
865,29,290,19,TEPETITLA DE LARDIZABAL,2,C,66,53,,,22,,,,,16,,43,268,15,6,,3,10
866,29,291,19,TEPETITLA DE LARDIZABAL,1,B,131,36,,,15,,,,,6,,44,49,26,26,,5,10
755,29,292,20,SANCTORUM DE LAZARO CARDENAS,1,B,55,,97,,1,,,,21,,,,,198,11,,,21
756,29,292,20,SANCTORUM DE LAZARO CARDENAS,1,C,38,,81,,2,,,,24,,,,,235,14,,,17
757,29,293,20,SANCTORUM DE LAZARO CARDENAS,1,B,95,,116,,0,,,,15,,,,,170,11,,,19
758,29,293,20,SANCTORUM DE LAZARO CARDENAS,1,C,61,,135,,0,,,,17,,,,,177,12,,,20
759,29,294,20,SANCTORUM DE LAZARO CARDENAS,1,B,52,,106,,0,,,,11,,,,,150,6,,,27
760,29,294,20,SANCTORUM DE LAZARO CARDENAS,1,C,58,,114,,1,,,,3,,,,,135,9,,,21
761,29,297,20,SANCTORUM DE LAZARO CARDENAS,1,B,209,,39,,4,,,,3,,,,,136,14,,,15
762,29,297,20,SANCTORUM DE LAZARO CARDENAS,1,C,183,,43,,1,,,,7,,,,,160,15,,,16
763,29,298,20,SANCTORUM DE LAZARO CARDENAS,1,B,223,,94,,2,,,,4,,,,,158,15,,,11
764,29,298,20,SANCTORUM DE LAZARO CARDENAS,1,E,79,,10,,1,,,,5,,,,,66,9,,,4
551,29,299,21,NANACAMILPA DE MARIANO ARISTA,1,B,91,73,,,136,,,,,,4,28,13,41,20,,,16
552,29,299,21,NANACAMILPA DE MARIANO ARISTA,1,C,81,59,,,153,,,,,,9,24,15,20,20,,,18
553,29,299,21,NANACAMILPA DE MARIANO ARISTA,2,C,85,46,,,168,,,,,,7,26,20,25,13,,,17
554,29,300,21,NANACAMILPA DE MARIANO ARISTA,1,B,108,85,,,91,,,,,,7,38,8,30,12,,,12
555,29,300,21,NANACAMILPA DE MARIANO ARISTA,1,C,112,73,,,99,,,,,,9,32,5,46,13,,,16
556,29,301,21,NANACAMILPA DE MARIANO ARISTA,1,B,95,91,,,79,,,,,,8,58,7,71,12,,,23
557,29,301,21,NANACAMILPA DE MARIANO ARISTA,1,C,86,123,,,80,,,,,,8,57,7,47,28,,,17
558,29,301,21,NANACAMILPA DE MARIANO ARISTA,2,C,89,95,,,83,,,,,,2,46,12,49,19,,,21
559,29,302,21,NANACAMILPA DE MARIANO ARISTA,1,B,90,118,,,69,,,,,,10,36,25,47,9,,,0
560,29,302,21,NANACAMILPA DE MARIANO ARISTA,1,C,96,101,,,66,,,,,,6,37,30,41,18,,,12
561,29,302,21,NANACAMILPA DE MARIANO ARISTA,2,C,70,104,,,102,,,,,,2,34,35,32,9,,,12
562,29,303,21,NANACAMILPA DE MARIANO ARISTA,1,B,43,57,,,62,,,,,,2,29,8,61,7,,,5
563,29,303,21,NANACAMILPA DE MARIANO ARISTA,1,C,58,66,,,55,,,,,,3,32,12,35,10,,,6
564,29,304,21,NANACAMILPA DE MARIANO ARISTA,1,B,61,83,,,16,,,,,,2,55,11,50,2,,,17
565,29,304,21,NANACAMILPA DE MARIANO ARISTA,1,C,68,86,,,15,,,,,,4,73,9,37,1,,,22
566,29,305,21,NANACAMILPA DE MARIANO ARISTA,1,B,51,82,,,24,,,,,,2,11,3,25,3,,,6
567,29,306,21,NANACAMILPA DE MARIANO ARISTA,1,B,11,43,,,15,,,,,,3,13,1,6,1,,,0
568,29,307,21,NANACAMILPA DE MARIANO ARISTA,1,B,49,80,,,37,,,,,,2,23,11,47,1,,,18
569,29,308,21,NANACAMILPA DE MARIANO ARISTA,1,B,87,81,,,61,,,,,,6,12,21,74,4,,,11
570,29,308,21,NANACAMILPA DE MARIANO ARISTA,1,C,83,88,,,80,,,,,,2,14,16,49,8,,,14
1,29,309,22,ACUAMANALA DE MIGUEL HIDALGO,1,B,101,,222,,82,,,,,24,,,3,,,,,9
2,29,309,22,ACUAMANALA DE MIGUEL HIDALGO,1,C,92,,208,,107,,,,,15,,,3,,,,,10
3,29,310,22,ACUAMANALA DE MIGUEL HIDALGO,1,B,127,,133,,133,,,,,33,,,7,,,,,7
4,29,310,22,ACUAMANALA DE MIGUEL HIDALGO,1,C,121,,145,,101,,,,,22,,,8,,,,,11
5,29,311,22,ACUAMANALA DE MIGUEL HIDALGO,1,B,108,,143,,73,,,,,17,,,2,,,,,13
6,29,311,22,ACUAMANALA DE MIGUEL HIDALGO,1,C,109,,106,,106,,,,,13,,,1,,,,,7
7,29,312,22,ACUAMANALA DE MIGUEL HIDALGO,1,B,144,,145,,108,,,,,9,,,1,,,,,6
571,29,318,23,NATIVITAS,1,B,38,,127,,5,,,,89,,,2,13,,,,,8
572,29,318,23,NATIVITAS,1,C,42,,129,,9,,,,90,,,0,12,,,,,9
573,29,319,23,NATIVITAS,1,B,91,,94,,33,,,,204,,,3,39,,,,,12
574,29,319,23,NATIVITAS,1,C,99,,124,,30,,,,187,,,2,31,,,,,12
575,29,319,23,NATIVITAS,2,C,93,,125,,27,,,,179,,,3,28,,,,,18
576,29,320,23,NATIVITAS,1,B,56,,151,,22,,,,118,,,3,27,,,,,11
577,29,321,23,NATIVITAS,1,B,41,,118,,19,,,,153,,,0,93,,,,,0
578,29,322,23,NATIVITAS,1,B,65,,94,,23,,,,106,,,1,24,,,,,10
579,29,322,23,NATIVITAS,1,C,51,,88,,17,,,,140,,,2,37,,,,,9
580,29,323,23,NATIVITAS,1,B,18,,60,,366,,,,36,,,1,1,,,,,25
581,29,323,23,NATIVITAS,1,C,6,,67,,358,,,,34,,,0,3,,,,,14
582,29,324,23,NATIVITAS,1,B,11,,72,,263,,,,25,,,0,2,,,,,14
583,29,325,23,NATIVITAS,1,B,81,,69,,41,,,,138,,,3,48,,,,,16
584,29,325,23,NATIVITAS,1,C,67,,95,,65,,,,120,,,4,33,,,,,21
585,29,326,23,NATIVITAS,1,B,48,,118,,45,,,,165,,,2,32,,,,,19
586,29,326,23,NATIVITAS,1,C,42,,145,,51,,,,180,,,0,26,,,,,21
587,29,326,23,NATIVITAS,2,C,33,,174,,42,,,,173,,,3,36,,,,,17
588,29,327,23,NATIVITAS,1,B,72,,111,,32,,,,301,,,1,11,,,,,23
589,29,327,23,NATIVITAS,1,C,65,,98,,28,,,,318,,,2,21,,,,,15
590,29,328,23,NATIVITAS,1,B,64,,156,,24,,,,164,,,4,35,,,,,29
591,29,329,23,NATIVITAS,1,B,54,,157,,27,,,,141,,,6,39,,,,,10
592,29,329,23,NATIVITAS,1,C,54,,173,,29,,,,135,,,2,36,,,,,10
593,29,330,23,NATIVITAS,1,B,53,,91,,26,,,,129,,,1,24,,,,,18
594,29,330,23,NATIVITAS,1,C,69,,119,,16,,,,94,,,1,41,,,,,0
595,29,331,23,NATIVITAS,1,B,85,,73,,5,,,,105,,,1,10,,,,,27
596,29,331,23,NATIVITAS,1,C,74,,103,,8,,,,98,,,1,21,,,,,15
597,29,332,24,PANOTLA,1,B,31,27,,,,,5,,,,2,2,3,2,,5,3,7
598,29,333,24,PANOTLA,1,B,37,121,,,,,21,,,,7,21,9,5,,16,5,15
599,29,333,24,PANOTLA,1,C,48,131,,,,,18,,,,6,20,13,7,,28,3,7
600,29,334,24,PANOTLA,1,B,33,75,,,,,14,,,,8,34,5,15,,123,4,16
601,29,334,24,PANOTLA,1,C,35,83,,,,,11,,,,15,38,14,17,,94,7,5
602,29,335,24,PANOTLA,1,B,33,93,,,,,10,,,,12,44,14,35,,120,12,13
603,29,336,24,PANOTLA,1,B,69,117,,,,,24,,,,11,71,12,56,,137,13,21
604,29,336,24,PANOTLA,1,C,69,105,,,,,22,,,,19,37,21,61,,152,13,25
605,29,336,24,PANOTLA,2,C,64,121,,,,,20,,,,41,44,11,41,,135,6,20
606,29,337,24,PANOTLA,1,B,45,71,,,,,19,,,,12,26,8,96,,115,6,26
607,29,337,24,PANOTLA,1,C,33,85,,,,,13,,,,5,32,8,76,,132,5,15
608,29,337,24,PANOTLA,2,C,41,78,,,,,19,,,,4,35,11,81,,108,10,12
609,29,338,24,PANOTLA,1,B,38,117,,,,,24,,,,7,17,82,47,,22,7,22
610,29,338,24,PANOTLA,1,C,45,98,,,,,39,,,,10,18,84,32,,13,17,30
611,29,338,24,PANOTLA,2,C,45,87,,,,,46,,,,4,18,78,48,,10,10,37
612,29,339,24,PANOTLA,1,B,129,109,,,,,19,,,,34,11,29,39,,18,14,33
613,29,340,24,PANOTLA,1,B,89,99,,,,,24,,,,16,14,16,62,,26,3,22
614,29,341,24,PANOTLA,1,B,15,39,,,,,4,,,,3,6,16,34,,7,0,3
615,29,342,24,PANOTLA,1,B,228,133,,,,,21,,,,35,14,13,44,,23,9,26
616,29,342,24,PANOTLA,1,C,231,122,,,,,10,,,,30,29,6,39,,23,14,37
617,29,343,24,PANOTLA,1,B,56,102,,,,,67,,,,22,8,58,56,,67,9,11
618,29,344,24,PANOTLA,1,B,92,159,,,,,20,,,,70,8,92,21,,20,1,9
619,29,345,24,PANOTLA,1,B,87,145,,,,,42,,,,63,14,20,34,,65,0,35
620,29,345,24,PANOTLA,1,C,97,171,,,,,30,,,,46,7,24,45,,47,1,16
621,29,346,24,PANOTLA,1,B,70,235,,,,,44,,,,58,5,4,30,,25,4,14
622,29,346,24,PANOTLA,1,C,68,222,,,,,68,,,,54,10,7,41,,44,7,0
623,29,347,24,PANOTLA,1,B,69,216,,,,,53,,,,43,16,6,57,,40,4,20
624,29,347,24,PANOTLA,1,C,52,232,,,,,61,,,,46,8,18,51,,36,14,10
696,29,350,25,SAN PABLO DEL MONTE,1,B,63,,,151,100,,,,,74,32,,,44,1,,2,16
697,29,350,25,SAN PABLO DEL MONTE,1,C,70,,,132,69,,,,,111,22,,,26,7,,1,18
698,29,350,25,SAN PABLO DEL MONTE,2,C,62,,,133,79,,,,,70,44,,,48,12,,2,0
699,29,350,25,SAN PABLO DEL MONTE,3,C,58,,,144,80,,,,,81,33,,,70,2,,3,21
700,29,350,25,SAN PABLO DEL MONTE,4,C,59,,,149,121,,,,,84,36,,,44,4,,1,20
701,29,351,25,SAN PABLO DEL MONTE,1,B,81,,,161,66,,,,,66,7,,,52,1,,0,23
702,29,351,25,SAN PABLO DEL MONTE,1,C,73,,,148,113,,,,,47,7,,,71,5,,0,19
703,29,351,25,SAN PABLO DEL MONTE,2,C,74,,,132,92,,,,,53,13,,,80,3,,2,0
704,29,351,25,SAN PABLO DEL MONTE,3,C,105,,,155,86,,,,,47,9,,,41,0,,0,16
705,29,352,25,SAN PABLO DEL MONTE,1,B,44,,,184,113,,,,,36,20,,,93,2,,2,13
706,29,352,25,SAN PABLO DEL MONTE,1,C,46,,,181,134,,,,,26,13,,,61,1,,3,20
707,29,352,25,SAN PABLO DEL MONTE,2,C,43,,,246,83,,,,,31,7,,,69,6,,0,17
708,29,353,25,SAN PABLO DEL MONTE,1,B,100,,,139,185,,,,,24,17,,,32,4,,5,10
709,29,353,25,SAN PABLO DEL MONTE,1,C,81,,,126,176,,,,,57,20,,,45,4,,1,14
710,29,353,25,SAN PABLO DEL MONTE,2,C,85,,,112,241,,,,,28,17,,,49,2,,0,18
711,29,354,25,SAN PABLO DEL MONTE,1,B,114,,,123,96,,,,,44,8,,,32,34,,1,7
712,29,354,25,SAN PABLO DEL MONTE,1,C,142,,,122,107,,,,,25,9,,,23,18,,3,13
713,29,354,25,SAN PABLO DEL MONTE,2,C,128,,,136,104,,,,,33,5,,,29,19,,3,12
714,29,354,25,SAN PABLO DEL MONTE,3,C,104,,,103,116,,,,,60,5,,,30,15,,2,23
715,29,355,25,SAN PABLO DEL MONTE,1,B,96,,,133,108,,,,,63,16,,,48,2,,2,21
716,29,355,25,SAN PABLO DEL MONTE,1,C,109,,,176,117,,,,,55,10,,,39,1,,3,19
717,29,355,25,SAN PABLO DEL MONTE,2,C,92,,,190,107,,,,,69,13,,,32,5,,3,11
718,29,356,25,SAN PABLO DEL MONTE,1,B,64,,,158,72,,,,,93,15,,,48,4,,3,14
719,29,356,25,SAN PABLO DEL MONTE,1,C,62,,,164,94,,,,,78,6,,,37,0,,0,14
720,29,356,25,SAN PABLO DEL MONTE,2,C,61,,,160,94,,,,,96,13,,,41,0,,3,17
721,29,356,25,SAN PABLO DEL MONTE,3,C,47,,,166,91,,,,,88,11,,,34,9,,2,12
722,29,357,25,SAN PABLO DEL MONTE,1,B,74,,,170,126,,,,,84,9,,,38,0,,2,14
723,29,357,25,SAN PABLO DEL MONTE,1,C,72,,,152,84,,,,,119,16,,,30,5,,2,16
724,29,357,25,SAN PABLO DEL MONTE,2,C,62,,,158,73,,,,,106,20,,,49,2,,13,11
725,29,358,25,SAN PABLO DEL MONTE,1,B,95,,,136,109,,,,,111,19,,,39,4,,6,16
726,29,358,25,SAN PABLO DEL MONTE,1,C,97,,,174,70,,,,,150,8,,,29,1,,1,19
727,29,358,25,SAN PABLO DEL MONTE,2,C,0,0,0,0,0,0,0,0,0,0,0,0,0,0,0,0,0,0
728,29,359,25,SAN PABLO DEL MONTE,1,B,80,,,123,41,,,,,43,7,,,37,3,,10,8
729,29,359,25,SAN PABLO DEL MONTE,1,C,85,,,125,44,,,,,60,8,,,44,1,,5,16
730,29,359,25,SAN PABLO DEL MONTE,2,C,71,,,109,51,,,,,41,6,,,38,2,,5,15
731,29,360,25,SAN PABLO DEL MONTE,1,B,63,,,125,49,,,,,35,9,,,69,4,,13,17
732,29,360,25,SAN PABLO DEL MONTE,1,C,62,,,127,52,,,,,41,10,,,47,0,,10,8
733,29,360,25,SAN PABLO DEL MONTE,2,C,71,,,132,42,,,,,29,9,,,52,3,,7,16
734,29,361,25,SAN PABLO DEL MONTE,1,B,116,,,132,96,,,,,48,39,,,17,10,,5,5
735,29,361,25,SAN PABLO DEL MONTE,1,C,144,,,137,109,,,,,28,38,,,16,11,,6,25
736,29,361,25,SAN PABLO DEL MONTE,2,C,107,,,175,96,,,,,45,25,,,26,11,,5,23
737,29,362,25,SAN PABLO DEL MONTE,1,B,106,,,138,153,,,,,46,19,,,30,9,,2,19
738,29,362,25,SAN PABLO DEL MONTE,1,C,133,,,112,122,,,,,40,16,,,27,15,,4,19
739,29,362,25,SAN PABLO DEL MONTE,2,C,135,,,117,103,,,,,33,28,,,41,18,,5,0
740,29,363,25,SAN PABLO DEL MONTE,1,B,60,,,162,72,,,,,101,22,,,31,26,,4,30
741,29,363,25,SAN PABLO DEL MONTE,1,C,79,,,140,87,,,,,70,6,,,23,38,,6,37
742,29,363,25,SAN PABLO DEL MONTE,2,C,55,,,166,80,,,,,86,12,,,25,20,,7,45
743,29,363,25,SAN PABLO DEL MONTE,3,C,81,,,118,96,,,,,83,12,,,28,16,,10,0
744,29,364,25,SAN PABLO DEL MONTE,1,B,104,,,112,93,,,,,37,19,,,40,12,,6,33
745,29,364,25,SAN PABLO DEL MONTE,1,C,136,,,110,71,,,,,54,7,,,26,9,,5,30
746,29,364,25,SAN PABLO DEL MONTE,2,C,103,,,132,71,,,,,47,10,,,26,10,,14,39
747,29,348,25,SAN PABLO DEL MONTE,1,B,78,,,118,92,,,,,74,22,,,29,10,,0,16
748,29,348,25,SAN PABLO DEL MONTE,1,C,77,,,111,89,,,,,65,12,,,40,4,,5,11
749,29,348,25,SAN PABLO DEL MONTE,2,C,83,,,140,191,,,,,54,12,,,42,6,,1,21
750,29,348,25,SAN PABLO DEL MONTE,3,C,81,,,153,68,,,,,58,8,,,42,6,,3,22
751,29,349,25,SAN PABLO DEL MONTE,1,B,52,,,109,97,,,,,106,41,,,32,0,,3,9
752,29,349,25,SAN PABLO DEL MONTE,1,C,62,,,98,106,,,,,102,15,,,28,2,,3,20
753,29,349,25,SAN PABLO DEL MONTE,2,C,31,,,129,117,,,,,80,19,,,36,5,,1,6
754,29,349,25,SAN PABLO DEL MONTE,3,C,48,,,113,113,,,,,84,23,,,29,4,,1,19
792,29,365,26,SANTA CRUZ TLAXCALA,1,B,123,,184,,,,,19,,,,,4,30,,,,15
793,29,365,26,SANTA CRUZ TLAXCALA,1,C,116,,163,,,,,25,,,,,16,23,,,,26
794,29,366,26,SANTA CRUZ TLAXCALA,1,B,182,,196,,,,,21,,,,,19,29,,,,8
795,29,366,26,SANTA CRUZ TLAXCALA,1,C,182,,199,,,,,18,,,,,18,22,,,,9
796,29,366,26,SANTA CRUZ TLAXCALA,2,C,191,,166,,,,,28,,,,,38,20,,,,12
797,29,367,26,SANTA CRUZ TLAXCALA,1,B,135,,184,,,,,37,,,,,9,10,,,,11
798,29,367,26,SANTA CRUZ TLAXCALA,1,C,160,,199,,,,,29,,,,,8,11,,,,6
799,29,367,26,SANTA CRUZ TLAXCALA,2,C,135,,206,,,,,30,,,,,8,8,,,,8
800,29,368,26,SANTA CRUZ TLAXCALA,1,B,171,,278,,,,,46,,,,,26,18,,,,19
801,29,368,26,SANTA CRUZ TLAXCALA,1,C,213,,231,,,,,42,,,,,20,36,,,,6
802,29,369,26,SANTA CRUZ TLAXCALA,1,B,93,,190,,,,,38,,,,,8,21,,,,11
803,29,369,26,SANTA CRUZ TLAXCALA,1,C,111,,191,,,,,42,,,,,12,13,,,,12
804,29,369,26,SANTA CRUZ TLAXCALA,2,C,124,,152,,,,,50,,,,,9,28,,,,16
805,29,370,26,SANTA CRUZ TLAXCALA,1,B,164,,298,,,,,42,,,,,8,17,,,,0
806,29,371,26,SANTA CRUZ TLAXCALA,1,B,193,,186,,,,,20,,,,,4,73,,,,21
807,29,371,26,SANTA CRUZ TLAXCALA,1,C,214,,179,,,,,32,,,,,11,0,,,,0
808,29,371,26,SANTA CRUZ TLAXCALA,2,C,195,,194,,,,,42,,,,,9,55,,,,16
813,29,372,27,TENANCINGO,1,B,120,,113,,14,,,,65,,,56,3,,,,3,16
814,29,372,27,TENANCINGO,1,C,98,,104,,19,,,,46,,,73,0,,,,15,11
815,29,373,27,TENANCINGO,1,B,101,,95,,15,,,,65,,,39,2,,,,14,10
816,29,373,27,TENANCINGO,1,C,99,,88,,10,,,,67,,,56,8,,,,10,8
817,29,374,27,TENANCINGO,1,B,46,,64,,18,,,,16,,,70,2,,,,4,8
818,29,374,27,TENANCINGO,1,C,61,,64,,13,,,,18,,,64,0,,,,9,10
819,29,375,27,TENANCINGO,1,B,56,,83,,43,,,,9,,,108,0,,,,21,0
820,29,375,27,TENANCINGO,1,C,50,,94,,50,,,,11,,,110,1,,,,12,12
821,29,375,27,TENANCINGO,2,C,70,,60,,27,,,,16,,,124,1,,,,4,16
822,29,376,27,TENANCINGO,1,B,92,,92,,24,,,,35,,,86,4,,,,13,8
823,29,376,27,TENANCINGO,1,C,99,,109,,11,,,,43,,,89,2,,,,14,11
824,29,377,27,TENANCINGO,1,B,67,,105,,10,,,,33,,,106,5,,,,7,8
825,29,377,27,TENANCINGO,1,C,59,,124,,16,,,,25,,,82,7,,,,6,5
826,29,377,27,TENANCINGO,2,C,65,,78,,18,,,,28,,,91,19,,,,4,8
827,29,378,28,TEOLOCHOLCO,1,B,110,,102,,153,,,,,,,,48,33,,,,24
828,29,378,28,TEOLOCHOLCO,1,C,112,,134,,137,,,,,,,,52,40,,,,12
829,29,379,28,TEOLOCHOLCO,1,B,122,,77,,101,,,,,,,,38,27,,,,12
830,29,379,28,TEOLOCHOLCO,1,C,97,,100,,122,,,,,,,,48,26,,,,12
831,29,379,28,TEOLOCHOLCO,2,C,142,,77,,103,,,,,,,,37,50,,,,0
832,29,380,28,TEOLOCHOLCO,1,B,88,,109,,142,,,,,,,,29,112,,,,19
833,29,380,28,TEOLOCHOLCO,1,C,91,,120,,162,,,,,,,,17,112,,,,16
834,29,380,28,TEOLOCHOLCO,2,C,102,,132,,160,,,,,,,,35,87,,,,12
835,29,380,28,TEOLOCHOLCO,3,C,93,,114,,165,,,,,,,,13,113,,,,24
836,29,381,28,TEOLOCHOLCO,1,B,72,,138,,61,,,,,,,,18,55,,,,20
837,29,381,28,TEOLOCHOLCO,1,C,101,,120,,65,,,,,,,,17,44,,,,34
838,29,381,28,TEOLOCHOLCO,2,C,61,,151,,72,,,,,,,,35,56,,,,24
839,29,382,28,TEOLOCHOLCO,1,B,98,,62,,146,,,,,,,,47,44,,,,12
840,29,382,28,TEOLOCHOLCO,1,C,83,,91,,139,,,,,,,,38,47,,,,10
841,29,383,28,TEOLOCHOLCO,1,B,75,,139,,105,,,,,,,,91,50,,,,19
842,29,383,28,TEOLOCHOLCO,1,C,63,,124,,128,,,,,,,,46,75,,,,18
843,29,384,28,TEOLOCHOLCO,1,B,101,,131,,120,,,,,,,,46,46,,,,14
844,29,384,28,TEOLOCHOLCO,1,C,87,,130,,117,,,,,,,,51,56,,,,12
845,29,385,28,TEOLOCHOLCO,1,B,45,,94,,39,,,,,,,,8,25,,,,22
846,29,386,28,TEOLOCHOLCO,1,B,145,,78,,116,,,,,,,,16,62,,,,10
847,29,386,28,TEOLOCHOLCO,1,C,158,,118,,82,,,,,,,,23,72,,,,10
848,29,386,28,TEOLOCHOLCO,2,C,121,,94,,104,,,,,,,,19,75,,,,10
867,29,387,29,TEPEYANCO,1,B,109,,114,,,,,91,,7,,,,75,61,53,7,16
868,29,387,29,TEPEYANCO,1,C,124,,97,,,,,87,,14,,,,42,53,60,6,12
869,29,388,29,TEPEYANCO,1,B,77,,47,,,,,95,,6,,,,73,40,37,4,12
870,29,388,29,TEPEYANCO,1,C,57,,54,,,,,76,,11,,,,61,37,55,19,5
871,29,389,29,TEPEYANCO,1,B,55,,18,,,,,39,,6,,,,9,53,37,1,13
872,29,390,29,TEPEYANCO,1,B,103,,39,,,,,83,,33,,,,17,54,150,5,16
873,29,393,29,TEPEYANCO,1,B,149,,51,,,,,77,,28,,,,40,60,99,,11
874,29,394,29,TEPEYANCO,1,B,119,,36,,,,,175,,13,,,,94,29,127,,21
875,29,394,29,TEPEYANCO,1,C,100,,30,,,,,159,,13,,,,153,33,125,2,16
876,29,397,29,TEPEYANCO,1,B,69,,38,,,,,165,,58,,,,23,89,43,3,14
877,29,397,29,TEPEYANCO,1,C,50,,56,,,,,144,,90,,,,26,72,34,3,19
878,29,398,30,TERRENATE,1,B,61,,76,,25,,,,,6,,,82,106,60,,,18
879,29,398,30,TERRENATE,1,C,61,,66,,30,,,,,14,,,95,134,54,,,14
880,29,398,30,TERRENATE,2,C,67,,79,,22,,,,,14,,,113,119,45,,,16
881,29,399,30,TERRENATE,1,B,33,,75,,14,,,,,16,,,157,86,48,,,30
882,29,399,30,TERRENATE,1,C,25,,70,,8,,,,,21,,,166,108,41,,,37
883,29,403,30,TERRENATE,1,B,38,,24,,8,,,,,15,,,18,205,8,,,25
884,29,403,30,TERRENATE,1,C,44,,28,,8,,,,,11,,,25,227,10,,,19
885,29,404,30,TERRENATE,1,B,54,,38,,6,,,,,87,,,51,125,25,,,32
886,29,404,30,TERRENATE,1,C,53,,40,,17,,,,,74,,,76,91,25,,,31
887,29,404,30,TERRENATE,2,C,51,,52,,10,,,,,124,,,61,87,35,,,32
888,29,405,30,TERRENATE,1,B,31,,30,,2,,,,,4,,,6,62,13,,,11
889,29,406,30,TERRENATE,1,B,80,,35,,7,,,,,12,,,10,87,58,,,22
890,29,407,30,TERRENATE,1,B,83,,37,,20,,,,,4,,,66,124,61,,,24
891,29,408,30,TERRENATE,1,B,60,,52,,18,,,,,18,,,64,110,29,,,16
892,29,408,30,TERRENATE,1,C,48,,56,,9,,,,,7,,,66,99,22,,,29
893,29,409,31,TETLA DE LA SOLIDARIDAD,1,B,106,,58,,41,,,,,98,,,2,7,67,,2,12
894,29,409,31,TETLA DE LA SOLIDARIDAD,1,C,81,,56,,38,,,,,81,,,6,4,99,,6,8
895,29,410,31,TETLA DE LA SOLIDARIDAD,1,B,95,,51,,21,,,,,42,,,1,13,134,,2,18
896,29,410,31,TETLA DE LA SOLIDARIDAD,1,C,71,,55,,46,,,,,69,,,1,8,117,,3,13
897,29,411,31,TETLA DE LA SOLIDARIDAD,1,B,91,,47,,101,,,,,113,,,11,4,48,,3,13
898,29,411,31,TETLA DE LA SOLIDARIDAD,1,C,109,,41,,87,,,,,116,,,7,3,72,,2,17
899,29,411,31,TETLA DE LA SOLIDARIDAD,2,C,106,,36,,88,,,,,97,,,21,5,59,,5,16
900,29,412,31,TETLA DE LA SOLIDARIDAD,1,B,86,,28,,76,,,,,100,,,18,6,47,,17,16
901,29,412,31,TETLA DE LA SOLIDARIDAD,1,C,124,,46,,86,,,,,70,,,6,17,65,,2,10
902,29,412,31,TETLA DE LA SOLIDARIDAD,2,C,126,,33,,96,,,,,88,,,8,6,45,,4,19
903,29,413,31,TETLA DE LA SOLIDARIDAD,1,B,90,,25,,61,,,,,92,,,6,12,49,,3,15
904,29,413,31,TETLA DE LA SOLIDARIDAD,1,C,57,,34,,69,,,,,94,,,2,17,58,,5,24
905,29,414,31,TETLA DE LA SOLIDARIDAD,1,B,97,,75,,40,,,,,100,,,8,6,65,,10,18
906,29,415,31,TETLA DE LA SOLIDARIDAD,1,B,67,,51,,24,,,,,53,,,5,3,30,,14,10
907,29,415,31,TETLA DE LA SOLIDARIDAD,1,C,54,,52,,28,,,,,74,,,4,2,38,,9,8
908,29,416,31,TETLA DE LA SOLIDARIDAD,1,B,94,,49,,89,,,,,18,,,1,2,63,,8,20
909,29,416,31,TETLA DE LA SOLIDARIDAD,1,C,127,,50,,101,,,,,14,,,1,3,46,,2,8
910,29,417,31,TETLA DE LA SOLIDARIDAD,1,B,87,,23,,23,,,,,34,,,1,4,31,,4,11
911,29,418,31,TETLA DE LA SOLIDARIDAD,1,B,45,,64,,56,,,,,56,,,0,6,41,,3,3
912,29,419,31,TETLA DE LA SOLIDARIDAD,1,B,99,,71,,84,,,,,26,,,3,16,65,,0,14
913,29,420,31,TETLA DE LA SOLIDARIDAD,1,B,109,,139,,22,,,,,34,,,4,3,165,,0,15
914,29,420,31,TETLA DE LA SOLIDARIDAD,1,C,109,,127,,35,,,,,47,,,0,6,165,,5,16
915,29,421,31,TETLA DE LA SOLIDARIDAD,1,B,124,,106,,40,,,,,65,,,1,3,122,,6,35
916,29,421,31,TETLA DE LA SOLIDARIDAD,1,C,84,,105,,47,,,,,75,,,4,1,184,,7,19
917,29,422,31,TETLA DE LA SOLIDARIDAD,1,B,157,,64,,36,,,,,111,,,4,4,91,,4,14
918,29,422,31,TETLA DE LA SOLIDARIDAD,1,C,109,,81,,39,,,,,159,,,2,6,102,,3,31
919,29,422,31,TETLA DE LA SOLIDARIDAD,2,C,117,,103,,57,,,,,102,,,1,7,102,,6,17
920,29,423,31,TETLA DE LA SOLIDARIDAD,1,B,62,,20,,11,,,,,6,,,1,0,52,,2,7
921,29,424,32,TETLATLAHUCA,1,B,41,17,,,30,,,,,4,,135,18,165,,,,17
922,29,424,32,TETLATLAHUCA,1,C,35,29,,,33,,,,,1,,126,22,170,,,,16
923,29,425,32,TETLATLAHUCA,1,B,17,32,,,34,,,,,309,,31,51,10,,,,0
924,29,425,32,TETLATLAHUCA,1,C,24,40,,,35,,,,,2,,275,33,54,,,,16
925,29,426,32,TETLATLAHUCA,1,B,17,18,,,9,,,,,2,,301,14,70,,,,12
926,29,426,32,TETLATLAHUCA,1,C,6,29,,,22,,,,,2,,290,17,69,,,,13
927,29,427,32,TETLATLAHUCA,1,B,31,38,,,72,,,,,8,,43,45,142,,,,19
928,29,427,32,TETLATLAHUCA,1,C,27,35,,,73,,,,,4,,36,39,127,,,,10
929,29,427,32,TETLATLAHUCA,2,C,20,33,,,79,,,,,7,,30,37,144,,,,19
930,29,428,32,TETLATLAHUCA,1,B,17,43,,,84,,,,,5,,72,56,167,,,,11
931,29,428,32,TETLATLAHUCA,1,C,28,27,,,83,,,,,15,,42,48,177,,,,19
932,29,431,32,TETLATLAHUCA,1,B,12,39,,,67,,,,,3,,91,63,62,,,,17
933,29,431,32,TETLATLAHUCA,1,C,16,48,,,54,,,,,3,,121,63,53,,,,12
934,29,434,32,TETLATLAHUCA,1,B,7,12,,,66,,,,,6,,143,33,113,,,,11
935,29,442,33,TLAXCALA,1,B,85,,158,,22,,,,,,,,7,40,,16,,7
936,29,442,33,TLAXCALA,1,C,84,,188,,26,,,,,,,,6,53,,21,,7
937,29,446,33,TLAXCALA,1,B,132,,261,,35,,,,,,,,9,77,,22,,17
938,29,447,33,TLAXCALA,1,B,66,,100,,25,,,,,,,,7,43,,22,,11
939,29,447,33,TLAXCALA,1,C,78,,125,,12,,,,,,,,9,36,,20,,8
940,29,449,33,TLAXCALA,1,B,83,,216,,35,,,,,,,,13,44,,19,,10
941,29,449,33,TLAXCALA,1,C,92,,226,,30,,,,,,,,12,52,,11,,0
942,29,450,33,TLAXCALA,1,B,61,,121,,21,,,,,,,,6,27,,12,,11
943,29,450,33,TLAXCALA,1,C,60,,111,,29,,,,,,,,7,40,,13,,11
944,29,451,33,TLAXCALA,1,B,79,,142,,40,,,,,,,,25,51,,12,,14
945,29,451,33,TLAXCALA,1,C,93,,151,,52,,,,,,,,29,51,,6,,20
946,29,451,33,TLAXCALA,2,C,68,,145,,45,,,,,,,,28,44,,5,,11
947,29,452,33,TLAXCALA,1,B,98,,216,,45,,,,,,,,15,63,,16,,20
948,29,452,33,TLAXCALA,1,C,103,,201,,37,,,,,,,,30,60,,15,,28
949,29,453,33,TLAXCALA,1,B,116,,220,,46,,,,,,,,27,65,,9,,14
950,29,453,33,TLAXCALA,1,C,121,,180,,33,,,,,,,,10,49,,10,,26
951,29,453,33,TLAXCALA,2,C,123,,193,,50,,,,,,,,29,54,,6,,15
952,29,453,33,TLAXCALA,5,C,136,,173,,37,,,,,,,,22,78,,13,,14
953,29,453,33,TLAXCALA,3,C,113,,169,,46,,,,,,,,15,57,,11,,13
954,29,453,33,TLAXCALA,4,C,114,,199,,50,,,,,,,,24,58,,10,,15
955,29,454,33,TLAXCALA,1,B,53,,109,,27,,,,,,,,4,26,,10,,12
956,29,454,33,TLAXCALA,1,C,50,,138,,20,,,,,,,,4,27,,7,,17
957,29,455,33,TLAXCALA,1,B,115,,205,,37,,,,,,,,11,52,,10,,14
958,29,456,33,TLAXCALA,1,B,104,,189,,42,,,,,,,,10,37,,11,,10
959,29,456,33,TLAXCALA,1,C,102,,180,,35,,,,,,,,11,41,,10,,21
960,29,456,33,TLAXCALA,2,C,103,,168,,40,,,,,,,,13,62,,13,,24
961,29,457,33,TLAXCALA,1,B,85,,165,,50,,,,,,,,14,50,,10,,16
962,29,457,33,TLAXCALA,1,C,99,,182,,46,,,,,,,,9,50,,15,,14
963,29,458,33,TLAXCALA,1,B,104,,152,,39,,,,,,,,50,73,,6,,11
964,29,458,33,TLAXCALA,1,C,138,,148,,24,,,,,,,,38,44,,6,,24
965,29,458,33,TLAXCALA,2,C,123,,144,,33,,,,,,,,37,75,,3,,5
966,29,458,33,TLAXCALA,1,E,117,,183,,62,,,,,,,,8,76,,0,,15
967,29,458,33,TLAXCALA,3,C,110,,158,,23,,,,,,,,49,74,,6,,13
968,29,459,33,TLAXCALA,1,B,89,,162,,32,,,,,,,,19,57,,10,,16
969,29,459,33,TLAXCALA,1,C,74,,160,,25,,,,,,,,24,67,,7,,26
970,29,459,33,TLAXCALA,2,C,64,,157,,35,,,,,,,,26,67,,7,,21
971,29,460,33,TLAXCALA,1,B,105,,186,,30,,,,,,,,16,68,,13,,15
972,29,460,33,TLAXCALA,1,C,93,,199,,36,,,,,,,,27,51,,15,,12
973,29,461,33,TLAXCALA,1,B,101,,169,,28,,,,,,,,10,86,,9,,9
974,29,461,33,TLAXCALA,1,C,81,,169,,32,,,,,,,,12,75,,7,,21
975,29,461,33,TLAXCALA,2,C,95,,151,,33,,,,,,,,10,75,,11,,7
976,29,463,33,TLAXCALA,1,B,80,,124,,31,,,,,,,,23,59,,7,,15
977,29,463,33,TLAXCALA,1,C,83,,137,,20,,,,,,,,9,59,,5,,27
978,29,463,33,TLAXCALA,2,C,82,,151,,29,,,,,,,,9,58,,6,,13
979,29,464,33,TLAXCALA,1,B,95,,174,,39,,,,,,,,19,68,,20,,5
980,29,464,33,TLAXCALA,1,C,104,,170,,41,,,,,,,,16,43,,11,,45
981,29,464,33,TLAXCALA,2,C,115,,183,,25,,,,,,,,17,55,,11,,19
982,29,464,33,TLAXCALA,3,C,127,,181,,30,,,,,,,,10,52,,10,,10
983,29,464,33,TLAXCALA,4,C,96,,168,,32,,,,,,,,15,59,,18,,15
984,29,465,33,TLAXCALA,1,B,120,,214,,41,,,,,,,,46,15,,9,,26
985,29,465,33,TLAXCALA,1,C,152,,165,,36,,,,,,,,19,47,,11,,0
986,29,465,33,TLAXCALA,2,C,128,,199,,34,,,,,,,,37,52,,9,,16
987,29,465,33,TLAXCALA,3,C,163,,188,,53,,,,,,,,23,55,,13,,26
988,29,466,33,TLAXCALA,1,B,116,,218,,22,,,,,,,,25,45,,6,,24
989,29,466,33,TLAXCALA,1,C,123,,162,,35,,,,,,,,17,37,,5,,19
990,29,466,33,TLAXCALA,2,C,139,,167,,28,,,,,,,,22,42,,5,,13
991,29,466,33,TLAXCALA,3,C,144,,178,,31,,,,,,,,21,46,,1,,19
992,29,467,33,TLAXCALA,1,B,80,,140,,40,,,,,,,,8,59,,8,,22
993,29,467,33,TLAXCALA,1,C,79,,155,,40,,,,,,,,9,86,,3,,8
994,29,468,33,TLAXCALA,1,B,96,,169,,35,,,,,,,,9,124,,3,,16
995,29,468,33,TLAXCALA,1,C,103,,181,,32,,,,,,,,15,76,,5,,21
996,29,468,33,TLAXCALA,2,C,73,,171,,21,,,,,,,,18,80,,7,,24
997,29,469,33,TLAXCALA,1,B,170,,170,,60,,,,,,,,10,86,,1,,18
998,29,469,33,TLAXCALA,1,C,150,,148,,48,,,,,,,,8,75,,2,,14
999,29,435,33,TLAXCALA,1,B,113,,172,,38,,,,,,,,31,28,,3,,28
1000,29,435,33,TLAXCALA,1,C,107,,212,,36,,,,,,,,21,47,,11,,16
1001,29,436,33,TLAXCALA,1,B,167,,170,,28,,,,,,,,22,57,,0,,0
1002,29,436,33,TLAXCALA,1,C,140,,188,,28,,,,,,,,26,59,,5,,14
1003,29,437,33,TLAXCALA,1,B,109,,147,,60,,,,,,,,17,36,,7,,14
1004,29,437,33,TLAXCALA,1,C,113,,155,,49,,,,,,,,21,53,,3,,12
1005,29,438,33,TLAXCALA,1,B,142,,188,,53,,,,,,,,21,46,,12,,19
1006,29,438,33,TLAXCALA,1,C,174,,201,,32,,,,,,,,20,45,,9,,13
1007,29,439,33,TLAXCALA,1,B,124,,170,,33,,,,,,,,10,36,,21,,12
1008,29,439,33,TLAXCALA,1,C,129,,168,,25,,,,,,,,11,45,,14,,13
1009,29,439,33,TLAXCALA,2,C,110,,194,,30,,,,,,,,12,46,,16,,13
1010,29,440,33,TLAXCALA,1,B,107,,269,,39,,,,,,,,27,43,,29,,24
1011,29,440,33,TLAXCALA,1,C,119,,221,,49,,,,,,,,28,63,,21,,23
1012,29,441,33,TLAXCALA,1,B,88,,189,,26,,,,,,,,9,53,,13,,12
1013,29,441,33,TLAXCALA,1,C,81,,171,,22,,,,,,,,7,64,,9,,13
1014,29,443,33,TLAXCALA,1,B,108,,194,,32,,,,,,,,10,44,,33,,20
1015,29,444,33,TLAXCALA,1,B,0,0,0,0,0,0,0,0,0,0,0,0,0,0,0,0,0,0
1016,29,444,33,TLAXCALA,1,C,110,,194,,52,,,,,,,,16,59,,8,,23
1017,29,444,33,TLAXCALA,2,C,150,,172,,64,,,,,,,,18,59,,8,,15
1018,29,444,33,TLAXCALA,3,C,155,,191,,45,,,,,,,,17,72,,16,,16
1019,29,445,33,TLAXCALA,1,B,89,,163,,59,,,,,,,,16,78,,8,,17
1020,29,445,33,TLAXCALA,1,C,99,,178,,39,,,,,,,,14,69,,3,,24
1021,29,448,33,TLAXCALA,1,B,100,,159,,31,,,,,,,,32,51,,7,,12
1022,29,448,33,TLAXCALA,1,C,80,,186,,40,,,,,,,,26,32,,16,,11
1023,29,448,33,TLAXCALA,2,C,75,,189,,47,,,,,,,,22,66,,8,,14
1024,29,462,33,TLAXCALA,1,B,119,,209,,36,,,,,,,,47,43,,15,,17
1025,29,462,33,TLAXCALA,1,C,130,,198,,46,,,,,,,,32,45,,14,,20
1026,29,58,34,TLAXCO,1,B,20,,40,,12,,,,0,,,,,7,1,23,3,6
1027,29,470,34,TLAXCO,1,B,84,,101,,5,,,,7,,,,,46,26,175,23,25
1028,29,471,34,TLAXCO,1,B,75,,62,,11,,,,3,,,,,26,10,122,8,28
1029,29,471,34,TLAXCO,1,C,59,,88,,18,,,,1,,,,,21,6,128,17,19
1030,29,472,34,TLAXCO,1,B,66,,133,,18,,,,3,,,,,53,4,51,4,19
1031,29,472,34,TLAXCO,1,C,67,,121,,13,,,,7,,,,,55,6,44,3,12
1032,29,473,34,TLAXCO,1,B,52,,57,,19,,,,3,,,,,57,15,77,14,9
1033,29,473,34,TLAXCO,1,C,57,,59,,20,,,,4,,,,,38,17,63,16,15
1034,29,474,34,TLAXCO,1,B,72,,69,,61,,,,3,,,,,81,14,128,8,12
1035,29,474,34,TLAXCO,1,C,103,,107,,28,,,,5,,,,,54,8,103,5,11
1036,29,475,34,TLAXCO,1,B,124,,128,,9,,,,4,,,,,79,10,55,11,11
1037,29,475,34,TLAXCO,1,C,115,,120,,10,,,,3,,,,,76,11,80,8,9
1038,29,476,34,TLAXCO,1,B,97,,120,,24,,,,3,,,,,57,5,63,13,18
1039,29,476,34,TLAXCO,1,C,101,,118,,36,,,,4,,,,,65,1,57,15,22
1040,29,476,34,TLAXCO,2,C,87,,120,,36,,,,4,,,,,47,8,54,13,19
1041,29,477,34,TLAXCO,1,B,85,,112,,15,,,,3,,,,,53,5,57,13,5
1042,29,477,34,TLAXCO,1,C,73,,122,,11,,,,2,,,,,50,5,60,11,18
1043,29,478,34,TLAXCO,1,B,54,,115,,24,,,,1,,,,,36,3,42,18,11
1044,29,479,34,TLAXCO,1,B,37,,72,,6,,,,3,,,,,13,6,1,8,6
1045,29,480,34,TLAXCO,1,B,49,,59,,3,,,,5,,,,,9,0,0,2,6
1046,29,481,34,TLAXCO,1,B,48,,69,,31,,,,1,,,,,36,4,173,7,22
1047,29,481,34,TLAXCO,1,C,37,,88,,29,,,,5,,,,,32,8,161,3,13
1048,29,481,34,TLAXCO,2,C,26,,79,,22,,,,2,,,,,24,0,203,0,18
1049,29,482,34,TLAXCO,1,B,86,,147,,98,,,,9,,,,,66,13,30,3,25
1050,29,482,34,TLAXCO,1,C,101,,114,,64,,,,8,,,,,56,18,42,12,26
1051,29,483,34,TLAXCO,1,B,4,,35,,3,,,,0,,,,,20,0,1,0,2
1052,29,484,34,TLAXCO,1,B,257,,71,,14,,,,5,,,,,126,0,3,17,16
1053,29,484,34,TLAXCO,1,C,186,,107,,9,,,,4,,,,,148,1,3,24,22
1054,29,485,34,TLAXCO,1,B,131,,97,,59,,,,21,,,,,32,3,6,7,11
1055,29,486,34,TLAXCO,1,B,60,,122,,66,,,,2,,,,,66,14,4,6,14
1056,29,487,34,TLAXCO,1,B,62,,56,,5,,,,3,,,,,8,1,2,1,11
1057,29,488,34,TLAXCO,1,B,90,,124,,47,,,,9,,,,,44,1,6,6,22
1058,29,488,34,TLAXCO,1,C,90,,127,,50,,,,5,,,,,47,2,5,3,17
1059,29,489,34,TLAXCO,1,B,14,,16,,6,,,,0,,,,,5,0,5,1,3
1060,29,490,34,TLAXCO,1,B,44,,18,,9,,,,0,,,,,0,42,2,1,1
1061,29,491,34,TLAXCO,1,B,108,,148,,97,,,,11,,,,,62,3,18,8,36
1062,29,491,34,TLAXCO,1,C,104,,148,,61,,,,2,,,,,74,3,18,4,25
1063,29,491,34,TLAXCO,2,C,129,,139,,82,,,,7,,,,,52,3,26,5,29
1064,29,492,34,TLAXCO,1,B,43,,3,,0,,,,22,,,,,2,28,0,17,0
1065,29,493,34,TLAXCO,1,B,99,,130,,8,,,,4,,,,,28,1,7,6,14
1066,29,494,34,TLAXCO,1,B,100,,90,,56,,,,13,,,,,130,19,8,14,45
1067,29,495,34,TLAXCO,1,B,94,,160,,33,,,,7,,,,,125,8,3,7,17
1068,29,496,34,TLAXCO,1,B,52,,140,,23,,,,9,,,,,24,4,35,11,17
1069,29,497,34,TLAXCO,1,B,56,,45,,24,,,,3,,,,,5,3,18,5,7
1070,29,497,34,TLAXCO,1,E,38,,21,,12,,,,1,,,,,14,1,13,16,6
1071,29,498,34,TLAXCO,1,B,31,,44,,3,,,,3,,,,,44,1,5,5,5
1072,29,498,34,TLAXCO,1,E,23,,15,,12,,,,0,,,,,6,0,13,0,4
1073,29,499,34,TLAXCO,1,B,174,,162,,45,,,,2,,,,,47,7,66,13,23
1074,29,500,34,TLAXCO,1,B,115,,110,,11,,,,9,,,,,51,3,1,10,10
1075,29,501,34,TLAXCO,1,B,141,,168,,6,,,,6,,,,,63,3,13,6,16
1076,29,501,34,TLAXCO,1,C,145,,201,,11,,,,3,,,,,49,4,16,2,14
1077,29,502,34,TLAXCO,1,B,88,,70,,6,,,,3,,,,,29,4,18,1,15
1078,29,503,34,TLAXCO,1,B,35,,36,,6,,,,1,,,,,8,0,2,1,4
1079,29,504,34,TLAXCO,1,B,27,,69,,17,,,,0,,,,,11,0,4,9,3
1080,29,505,35,TOCATLAN,1,B,39,154,,,59,,,,,,45,,,146,,,60,7
1081,29,505,35,TOCATLAN,1,C,27,142,,,72,,,,,,51,,,151,,,62,16
1082,29,505,35,TOCATLAN,2,C,48,150,,,77,,,,,,46,,,133,,,48,9
1083,29,506,35,TOCATLAN,1,B,28,162,,,35,,,,,,23,,,65,,,24,12
1084,29,506,35,TOCATLAN,1,C,42,126,,,48,,,,,,27,,,98,,,32,22
1085,29,507,35,TOCATLAN,1,B,37,108,,,64,,,,,,18,,,116,,,51,17
1086,29,508,36,TOTOLAC,1,B,86,134,,,81,,,,41,,23,,,63,,62,14,17
1087,29,509,36,TOTOLAC,1,B,38,110,,,53,,,,23,,14,,,40,,36,7,16
1088,29,509,36,TOTOLAC,1,C,54,115,,,56,,,,36,,13,,,45,,35,10,15
1089,29,510,36,TOTOLAC,1,B,81,74,,,18,,,,23,,6,,,34,,19,12,13
1090,29,510,36,TOTOLAC,1,C,77,89,,,19,,,,40,,9,,,34,,21,8,15
1091,29,511,36,TOTOLAC,1,B,116,152,,,35,,,,57,,15,,,74,,18,17,34
1092,29,512,36,TOTOLAC,1,B,103,94,,,66,,,,38,,13,,,63,,33,14,28
1093,29,512,36,TOTOLAC,1,C,98,87,,,53,,,,63,,14,,,66,,45,15,0
1094,29,513,36,TOTOLAC,1,B,136,91,,,48,,,,33,,25,,,49,,13,6,25
1095,29,513,36,TOTOLAC,1,C,101,116,,,52,,,,59,,17,,,45,,20,10,20
1096,29,513,36,TOTOLAC,2,C,106,94,,,62,,,,65,,10,,,62,,25,4,27
1097,29,514,36,TOTOLAC,1,B,87,118,,,91,,,,45,,9,,,32,,4,6,11
1098,29,514,36,TOTOLAC,1,C,77,118,,,70,,,,42,,15,,,40,,10,5,16
1099,29,515,36,TOTOLAC,1,B,105,97,,,47,,,,60,,15,,,74,,6,1,9
1100,29,515,36,TOTOLAC,1,C,126,141,,,26,,,,51,,14,,,61,,3,3,13
1101,29,515,36,TOTOLAC,2,C,115,103,,,41,,,,53,,20,,,58,,2,5,0
1102,29,516,36,TOTOLAC,1,B,203,123,,,41,,,,120,,16,,,75,,3,2,13
1103,29,516,36,TOTOLAC,1,C,192,150,,,34,,,,118,,16,,,55,,4,3,17
1104,29,517,36,TOTOLAC,1,B,90,81,,,9,,,,106,,10,,,53,,0,4,6
1105,29,517,36,TOTOLAC,1,C,95,94,,,28,,,,88,,14,,,36,,3,6,11
1106,29,518,36,TOTOLAC,1,B,83,103,,,12,,,,108,,5,,,43,,3,3,6
1107,29,518,36,TOTOLAC,1,C,75,112,,,16,,,,118,,1,,,21,,4,27,7
1108,29,519,36,TOTOLAC,1,B,82,151,,,121,,,,35,,4,,,21,,4,1,14
1238,29,520,37,ZITLALTEPEC DE TRINIDAD SANCHEZ SANTOS,1,B,91,,135,,15,,,,112,,,10,21,15,,8,,24
1239,29,520,37,ZITLALTEPEC DE TRINIDAD SANCHEZ SANTOS,1,C,76,,153,,31,,,,96,,,19,28,22,,4,,22
1240,29,521,37,ZITLALTEPEC DE TRINIDAD SANCHEZ SANTOS,1,B,74,,74,,28,,,,104,,,8,13,3,,0,,11
1241,29,521,37,ZITLALTEPEC DE TRINIDAD SANCHEZ SANTOS,1,C,66,,107,,26,,,,68,,,12,14,2,,5,,34
1242,29,522,37,ZITLALTEPEC DE TRINIDAD SANCHEZ SANTOS,1,B,102,,58,,26,,,,90,,,6,23,9,,4,,31
1243,29,522,37,ZITLALTEPEC DE TRINIDAD SANCHEZ SANTOS,1,C,83,,81,,51,,,,108,,,5,9,18,,11,,19
1244,29,523,37,ZITLALTEPEC DE TRINIDAD SANCHEZ SANTOS,1,B,72,,71,,72,,,,86,,,4,21,4,,6,,0
1245,29,523,37,ZITLALTEPEC DE TRINIDAD SANCHEZ SANTOS,1,C,86,,78,,60,,,,84,,,20,21,14,,6,,16
1246,29,524,37,ZITLALTEPEC DE TRINIDAD SANCHEZ SANTOS,1,B,137,,89,,42,,,,22,,,24,16,2,,4,,45
1247,29,525,37,ZITLALTEPEC DE TRINIDAD SANCHEZ SANTOS,1,B,162,,169,,28,,,,92,,,47,5,27,,6,,0
1248,29,526,37,ZITLALTEPEC DE TRINIDAD SANCHEZ SANTOS,1,B,32,,37,,2,,,,2,,,38,0,0,,0,,4
1109,29,527,38,TZOMPANTEPEC,1,B,53,59,,,42,,,,51,,20,,112,5,29,6,7,20
1110,29,527,38,TZOMPANTEPEC,1,C,40,64,,,36,,,,41,,27,,122,10,26,6,10,18
1111,29,527,38,TZOMPANTEPEC,2,C,45,66,,,30,,,,40,,15,,92,16,27,8,9,20
1112,29,527,38,TZOMPANTEPEC,3,C,25,54,,,13,,,,42,,14,,150,6,37,3,6,18
1113,29,528,38,TZOMPANTEPEC,1,B,68,66,,,20,,,,37,,15,,171,16,24,2,11,22
1114,29,528,38,TZOMPANTEPEC,1,C,45,59,,,19,,,,37,,16,,249,9,35,2,9,22
1115,29,528,38,TZOMPANTEPEC,1,E,30,55,,,34,,,,25,,10,,56,5,32,2,15,14
1116,29,528,38,TZOMPANTEPEC,2,E,44,46,,,25,,,,14,,9,,54,8,42,6,9,19
1117,29,529,38,TZOMPANTEPEC,1,B,113,126,,,22,,,,14,,15,,5,21,109,5,6,19
1118,29,529,38,TZOMPANTEPEC,1,C,106,127,,,42,,,,21,,12,,8,22,143,5,13,22
1119,29,530,38,TZOMPANTEPEC,1,B,55,54,,,19,,,,7,,70,,8,10,48,9,21,19
1120,29,530,38,TZOMPANTEPEC,1,C,45,65,,,29,,,,9,,46,,2,16,67,1,24,23
1121,29,536,38,TZOMPANTEPEC,1,B,65,97,,,7,,,,32,,40,,36,1,91,8,47,18
1122,29,537,38,TZOMPANTEPEC,1,B,53,46,,,17,,,,10,,3,,9,2,19,0,11,9
1123,29,538,39,XALOZTOC,2,C,55,,48,,44,,,,,27,,,78,6,58,0,96,22
1124,29,538,39,XALOZTOC,1,B,57,,79,,37,,,,,11,,,13,4,72,0,109,29
1125,29,538,39,XALOZTOC,1,C,57,,70,,50,,,,,28,,,15,5,55,0,104,19
1126,29,539,39,XALOZTOC,1,B,46,,60,,52,,,,,57,,,50,2,77,0,80,12
1127,29,539,39,XALOZTOC,1,C,50,,66,,75,,,,,39,,,28,7,68,0,62,12
1128,29,539,39,XALOZTOC,2,C,43,,80,,74,,,,,28,,,30,6,75,0,77,5
1129,29,540,39,XALOZTOC,1,B,38,,53,,107,,,,,25,,,27,11,56,0,96,11
1130,29,540,39,XALOZTOC,1,C,48,,64,,113,,,,,17,,,23,10,57,0,64,14
1131,29,540,39,XALOZTOC,2,C,43,,50,,109,,,,,8,,,26,5,88,0,83,17
1132,29,540,39,XALOZTOC,3,C,52,,63,,108,,,,,12,,,25,4,85,0,78,19
1133,29,541,39,XALOZTOC,1,B,72,,103,,76,,,,,25,,,57,16,64,0,104,0
1134,29,541,39,XALOZTOC,1,C,74,,102,,68,,,,,19,,,55,7,58,0,9,19
1135,29,541,39,XALOZTOC,2,C,56,,107,,66,,,,,31,,,48,13,82,0,98,15
1136,29,542,39,XALOZTOC,1,B,58,,74,,45,,,,,10,,,22,16,104,0,125,15
1137,29,542,39,XALOZTOC,1,C,75,,78,,59,,,,,10,,,17,14,73,0,94,28
1138,29,542,39,XALOZTOC,2,C,52,,61,,77,,,,,7,,,21,9,113,0,87,18
1139,29,543,39,XALOZTOC,1,B,38,,43,,76,,,,,17,,,16,6,39,0,164,32
1140,29,543,39,XALOZTOC,1,C,51,,77,,64,,,,,11,,,14,6,14,0,116,12
1141,29,543,39,XALOZTOC,2,C,50,,71,,49,,,,,2,,,11,6,58,0,126,15
1142,29,544,39,XALOZTOC,1,B,48,,76,,81,,,,,12,,,10,9,47,0,93,27
1143,29,545,39,XALOZTOC,1,B,36,,77,,16,,,,,10,,,11,7,46,0,60,10
1144,29,546,39,XALOZTOC,1,B,83,,48,,93,,,,,15,,,19,7,61,0,108,37
1145,29,547,40,XALTOCAN,1,B,98,,80,,32,,,,,,,66,14,,,,,9
1146,29,547,40,XALTOCAN,1,C,87,,79,,41,,,,,,,53,12,,,,,12
1147,29,548,40,XALTOCAN,1,B,134,,85,,31,,,,,,,70,52,,,,,7
1148,29,548,40,XALTOCAN,1,C,116,,79,,48,,,,,,,78,62,,,,,4
1149,29,548,40,XALTOCAN,2,C,184,,55,,32,,,,,,,92,32,,,,,12
1150,29,549,40,XALTOCAN,1,B,119,,112,,25,,,,,,,64,65,,,,,0
1151,29,549,40,XALTOCAN,1,C,81,,83,,25,,,,,,,89,73,,,,,29
1152,29,550,40,XALTOCAN,1,B,102,,150,,29,,,,,,,169,33,,,,,14
1153,29,553,40,XALTOCAN,1,B,14,,79,,12,,,,,,,55,20,,,,,6
1154,29,554,40,XALTOCAN,1,B,23,,47,,3,,,,,,,21,9,,,,,4
1155,29,555,40,XALTOCAN,1,B,137,,124,,8,,,,,,,133,32,,,,,18
1156,29,556,40,XALTOCAN,1,B,113,,55,,23,,,,,,,182,30,,,,,19
1157,29,557,40,XALTOCAN,1,B,114,,134,,17,,,,,,,89,30,,,,,22
625,29,558,41,PAPALOTLA DE XICOHTENCATL,1,B,47,,59,,318,,,,5,,,7,3,,,,,17
626,29,558,41,PAPALOTLA DE XICOHTENCATL,1,C,45,,51,,298,,,,9,,,3,4,,,,,4
627,29,558,41,PAPALOTLA DE XICOHTENCATL,2,C,37,,55,,294,,,,5,,,3,6,,,,,15
628,29,559,41,PAPALOTLA DE XICOHTENCATL,1,B,46,,98,,159,,,,5,,,20,3,,,,,14
629,29,559,41,PAPALOTLA DE XICOHTENCATL,1,C,98,,99,,139,,,,14,,,7,5,,,,,11
630,29,559,41,PAPALOTLA DE XICOHTENCATL,2,C,59,,113,,126,,,,0,,,7,7,,,,,12
631,29,560,41,PAPALOTLA DE XICOHTENCATL,1,B,69,,108,,157,,,,5,,,33,2,,,,,12
632,29,560,41,PAPALOTLA DE XICOHTENCATL,1,C,66,,90,,110,,,,10,,,37,5,,,,,18
633,29,560,41,PAPALOTLA DE XICOHTENCATL,2,C,61,,82,,145,,,,9,,,28,6,,,,,43
634,29,561,41,PAPALOTLA DE XICOHTENCATL,1,B,52,,140,,195,,,,5,,,5,1,,,,,11
635,29,561,41,PAPALOTLA DE XICOHTENCATL,1,C,64,,125,,189,,,,7,,,6,0,,,,,16
636,29,561,41,PAPALOTLA DE XICOHTENCATL,2,C,48,,149,,164,,,,3,,,6,5,,,,,23
637,29,562,41,PAPALOTLA DE XICOHTENCATL,1,B,37,,86,,160,,,,5,,,8,4,,,,,10
638,29,562,41,PAPALOTLA DE XICOHTENCATL,1,C,43,,95,,174,,,,4,,,14,8,,,,,15
639,29,562,41,PAPALOTLA DE XICOHTENCATL,2,C,51,,91,,163,,,,7,,,4,5,,,,,9
640,29,563,41,PAPALOTLA DE XICOHTENCATL,1,B,41,,148,,130,,,,7,,,16,3,,,,,11
641,29,563,41,PAPALOTLA DE XICOHTENCATL,1,C,46,,151,,126,,,,3,,,17,2,,,,,22
642,29,563,41,PAPALOTLA DE XICOHTENCATL,2,C,35,,160,,138,,,,3,,,17,4,,,,,11
643,29,564,41,PAPALOTLA DE XICOHTENCATL,1,B,58,,130,,117,,,,15,,,10,3,,,,,16
644,29,564,41,PAPALOTLA DE XICOHTENCATL,1,C,54,,134,,107,,,,7,,,11,4,,,,,19
645,29,564,41,PAPALOTLA DE XICOHTENCATL,2,C,52,,126,,108,,,,10,,,12,1,,,,,19
646,29,565,41,PAPALOTLA DE XICOHTENCATL,1,B,36,,122,,86,,,,6,,,5,3,,,,,23
647,29,565,41,PAPALOTLA DE XICOHTENCATL,1,C,57,,140,,81,,,,7,,,4,5,,,,,16
648,29,566,41,PAPALOTLA DE XICOHTENCATL,1,B,77,,151,,110,,,,6,,,6,2,,,,,17
649,29,566,41,PAPALOTLA DE XICOHTENCATL,1,C,60,,195,,94,,,,3,,,4,3,,,,,24
650,29,567,41,PAPALOTLA DE XICOHTENCATL,1,B,38,,106,,174,,,,5,,,4,2,,,,,22
651,29,567,41,PAPALOTLA DE XICOHTENCATL,1,C,32,,89,,152,,,,8,,,3,5,,,,,28
652,29,568,41,PAPALOTLA DE XICOHTENCATL,1,B,48,,78,,72,,,,5,,,0,3,,,,,8
653,29,568,41,PAPALOTLA DE XICOHTENCATL,1,C,50,,57,,101,,,,5,,,2,4,,,,,6
654,29,569,41,PAPALOTLA DE XICOHTENCATL,1,B,45,,116,,99,,,,4,,,10,2,,,,,7
1158,29,570,42,XICOHTZINCO,1,B,78,,91,,,,,74,,,,23,64,,58,,86,16
1159,29,570,42,XICOHTZINCO,1,C,64,,111,,,,,78,,,,24,67,,49,,95,19
1160,29,570,42,XICOHTZINCO,2,C,39,,102,,,,,53,,,,24,90,,59,,84,12
1161,29,571,42,XICOHTZINCO,1,B,37,,93,,,,,75,,,,31,83,,48,,116,19
1162,29,571,42,XICOHTZINCO,1,C,44,,73,,,,,89,,,,26,94,,46,,127,29
1163,29,572,42,XICOHTZINCO,1,B,54,,114,,,,,78,,,,21,68,,44,,53,0
1164,29,572,42,XICOHTZINCO,1,C,55,,117,,,,,71,,,,26,59,,48,,74,10
1165,29,573,42,XICOHTZINCO,1,B,37,,102,,,,,41,,,,20,63,,27,,81,10
1166,29,573,42,XICOHTZINCO,1,C,38,,101,,,,,44,,,,18,50,,32,,78,28
1167,29,573,42,XICOHTZINCO,2,C,49,,86,,,,,54,,,,17,49,,42,,79,9
1168,29,574,42,XICOHTZINCO,1,B,36,,102,,,,,99,,,,35,83,,36,,63,8
1169,29,574,42,XICOHTZINCO,1,C,42,,96,,,,,69,,,,68,70,,31,,59,14
1170,29,574,42,XICOHTZINCO,2,C,34,,108,,,,,66,,,,37,109,,27,,60,8
1171,29,575,43,YAUHQUEMEHCAN,1,B,114,144,,,50,,,,7,,24,10,7,19,3,,,12
1172,29,575,43,YAUHQUEMEHCAN,1,C,82,162,,,54,,,,11,,11,5,10,18,0,,,13
1173,29,575,43,YAUHQUEMEHCAN,2,C,83,159,,,64,,,,7,,23,11,15,19,2,,,10
1174,29,576,43,YAUHQUEMEHCAN,1,B,108,218,,,80,,,,18,,19,2,15,17,1,,,6
1175,29,576,43,YAUHQUEMEHCAN,1,C,104,192,,,77,,,,14,,20,4,19,24,0,,,17
1176,29,577,43,YAUHQUEMEHCAN,1,B,54,201,,,34,,,,30,,27,11,3,21,4,,,26
1177,29,578,43,YAUHQUEMEHCAN,1,B,43,110,,,71,,,,1,,29,1,3,37,0,,,13
1178,29,578,43,YAUHQUEMEHCAN,1,C,35,137,,,57,,,,5,,19,1,2,26,0,,,11
1179,29,579,43,YAUHQUEMEHCAN,1,B,83,156,,,100,,,,9,,16,4,4,8,1,,,19
1180,29,579,43,YAUHQUEMEHCAN,1,C,78,155,,,88,,,,17,,19,3,9,11,0,,,16
1181,29,580,43,YAUHQUEMEHCAN,1,B,175,78,,,36,,,,14,,22,12,11,4,3,,,17
1182,29,580,43,YAUHQUEMEHCAN,1,C,154,99,,,42,,,,20,,10,13,5,7,5,,,11
1183,29,581,43,YAUHQUEMEHCAN,1,B,0,0,0,0,0,0,0,0,0,0,0,0,0,0,0,0,0,0
1184,29,581,43,YAUHQUEMEHCAN,1,C,142,112,,,25,,,,12,,23,17,13,9,1,,,19
1185,29,581,43,YAUHQUEMEHCAN,2,C,110,110,,,30,,,,14,,14,13,14,1,2,,,21
1186,29,581,43,YAUHQUEMEHCAN,3,C,148,91,,,30,,,,14,,26,18,13,8,4,,,13
1187,29,582,43,YAUHQUEMEHCAN,1,B,219,115,,,43,,,,21,,16,9,7,3,4,,,18
1188,29,582,43,YAUHQUEMEHCAN,1,C,230,106,,,47,,,,24,,23,14,8,2,4,,,15
1189,29,582,43,YAUHQUEMEHCAN,2,C,230,125,,,54,,,,21,,6,9,9,3,1,,,11
1190,29,582,43,YAUHQUEMEHCAN,3,C,246,100,,,51,,,,10,,28,11,10,4,0,,,0
1191,29,583,43,YAUHQUEMEHCAN,1,B,154,71,,,31,,,,3,,17,10,17,11,4,,,17
1192,29,583,43,YAUHQUEMEHCAN,1,C,152,77,,,31,,,,3,,24,9,20,14,3,,,13
1193,29,583,43,YAUHQUEMEHCAN,2,C,147,83,,,57,,,,7,,16,11,9,10,8,,,26
1194,29,584,43,YAUHQUEMEHCAN,1,B,198,120,,,81,,,,27,,14,8,27,29,4,,,22
1195,29,585,43,YAUHQUEMEHCAN,1,B,67,235,,,86,,,,12,,1,11,1,5,0,,,9
1196,29,585,43,YAUHQUEMEHCAN,1,C,62,223,,,81,,,,15,,85,4,2,11,0,,,6
1197,29,585,43,YAUHQUEMEHCAN,2,C,82,190,,,91,,,,34,,61,2,7,4,0,,,22
1198,29,588,44,ZACATELCO,1,B,149,,105,,15,,,,,17,,,21,,11,,15,14
1199,29,588,44,ZACATELCO,1,C,132,,84,,16,,,,,15,,,14,,22,,25,15
1200,29,589,44,ZACATELCO,1,B,199,,153,,21,,,,,35,,,15,,25,,27,15
1201,29,589,44,ZACATELCO,1,C,182,,158,,23,,,,,39,,,19,,14,,31,16
1202,29,590,44,ZACATELCO,1,B,116,,133,,18,,,,,26,,,23,,31,,47,10
1203,29,590,44,ZACATELCO,1,C,152,,109,,9,,,,,13,,,26,,25,,46,18
1204,29,590,44,ZACATELCO,2,C,123,,109,,8,,,,,18,,,27,,18,,34,15
1205,29,590,44,ZACATELCO,3,C,140,,119,,11,,,,,28,,,20,,26,,0,16
1206,29,591,44,ZACATELCO,1,B,147,,167,,24,,,,,26,,,42,,32,,38,8
1207,29,591,44,ZACATELCO,1,C,150,,192,,17,,,,,17,,,37,,24,,43,13
1208,29,591,44,ZACATELCO,2,C,153,,184,,17,,,,,24,,,38,,26,,32,7
1209,29,592,44,ZACATELCO,1,B,130,,123,,25,,,,,32,,,29,,24,,27,10
1210,29,592,44,ZACATELCO,1,C,93,,135,,29,,,,,14,,,15,,19,,29,21
1211,29,592,44,ZACATELCO,2,C,108,,121,,29,,,,,24,,,24,,37,,12,8
1212,29,592,44,ZACATELCO,3,C,112,,146,,24,,,,,33,,,19,,0,,34,10
1213,29,593,44,ZACATELCO,1,B,152,,170,,12,,,,,25,,,34,,23,,19,8
1214,29,593,44,ZACATELCO,1,C,124,,172,,24,,,,,15,,,18,,22,,33,16
1215,29,593,44,ZACATELCO,2,C,142,,157,,27,,,,,19,,,18,,27,,19,20
1216,29,594,44,ZACATELCO,1,B,155,,129,,30,,,,,45,,,39,,24,,36,20
1217,29,594,44,ZACATELCO,1,C,172,,155,,10,,,,,26,,,38,,26,,29,14
1218,29,595,44,ZACATELCO,1,B,101,,154,,19,,,,,28,,,31,,24,,31,8
1219,29,595,44,ZACATELCO,1,C,122,,101,,14,,,,,21,,,23,,15,,35,11
1220,29,595,44,ZACATELCO,2,C,136,,140,,13,,,,,37,,,23,,25,,27,15
1221,29,596,44,ZACATELCO,1,B,135,,130,,9,,,,,25,,,32,,32,,17,14
1222,29,596,44,ZACATELCO,1,C,153,,109,,15,,,,,22,,,25,,33,,17,17
1223,29,597,44,ZACATELCO,1,B,130,,165,,15,,,,,39,,,30,,55,,26,42
1224,29,597,44,ZACATELCO,1,C,156,,153,,22,,,,,44,,,23,,43,,41,14
1225,29,598,44,ZACATELCO,1,B,103,,128,,16,,,,,26,,,28,,34,,15,9
1226,29,598,44,ZACATELCO,1,C,109,,124,,14,,,,,25,,,17,,26,,11,8
1227,29,598,44,ZACATELCO,2,C,124,,109,,16,,,,,26,,,16,,23,,20,17
1228,29,599,44,ZACATELCO,1,B,79,,150,,14,,,,,35,,,21,,44,,13,13
1229,29,599,44,ZACATELCO,1,C,85,,128,,14,,,,,41,,,31,,37,,7,19
1230,29,599,44,ZACATELCO,2,C,94,,140,,12,,,,,33,,,30,,33,,13,10
1231,29,599,44,ZACATELCO,1,E,43,,37,,3,,,,,2,,,2,,3,,1,9
1232,29,600,44,ZACATELCO,1,B,147,,184,,27,,,,,21,,,58,,30,,19,19
1233,29,600,44,ZACATELCO,1,C,156,,178,,31,,,,,23,,,38,,23,,15,35
1234,29,600,44,ZACATELCO,2,C,143,,184,,41,,,,,30,,,73,,28,,24,14
1235,29,601,44,ZACATELCO,1,B,142,,172,,20,,,,,22,,,66,,36,,20,15
1236,29,601,44,ZACATELCO,1,C,109,,179,,19,,,,,36,,,61,,37,,12,17
1237,29,601,44,ZACATELCO,2,C,148,,196,,15,,,,,25,,,51,,31,,21,11
771,29,316,57,SANTA APOLONIA TEACALCO,1,B,142,,182,,151,,,,,29,,,9,,,51,,17
772,29,316,57,SANTA APOLONIA TEACALCO,1,C,155,,141,,170,,,,,42,,,7,,,61,,16
773,29,317,57,SANTA APOLONIA TEACALCO,1,B,109,,71,,139,,,,,41,,,14,,,54,,10
774,29,317,57,SANTA APOLONIA TEACALCO,1,C,186,,66,,110,,,,,25,,,9,,,46,,11
775,29,317,57,SANTA APOLONIA TEACALCO,2,C,83,,63,,151,,,,,44,,,12,,,80,,14
786,29,313,59,SANTA CRUZ QUILEHTLA,1,B,117,,200,,96,,,,,11,,,23,20,,,,13
787,29,313,59,SANTA CRUZ QUILEHTLA,1,C,83,,190,,106,,,,,7,,,19,16,,,,0
788,29,314,59,SANTA CRUZ QUILEHTLA,1,B,77,,154,,74,,,,,5,,,23,15,,,,16
789,29,314,59,SANTA CRUZ QUILEHTLA,1,C,73,,137,,95,,,,,8,,,22,16,,,,17
790,29,315,59,SANTA CRUZ QUILEHTLA,1,B,35,,21,,6,,,,,198,,,0,35,,,,0
791,29,315,59,SANTA CRUZ QUILEHTLA,1,C,34,,20,,12,,,,,256,,,3,31,,,,27
682,29,395,53,SAN JUAN HUACTZINCO,1,B,131,,102,,51,,,,,20,,,28,113,,,,12
683,29,395,53,SAN JUAN HUACTZINCO,1,C,100,,75,,87,,,,,24,,,44,88,,,,17
684,29,395,53,SAN JUAN HUACTZINCO,2,C,133,,78,,70,,,,,15,,,53,89,,,,19
685,29,396,53,SAN JUAN HUACTZINCO,1,B,112,,68,,62,,,,,12,,,55,108,,,,20
686,29,396,53,SAN JUAN HUACTZINCO,1,C,108,,61,,83,,,,,25,,,31,94,,,,14
687,29,396,53,SAN JUAN HUACTZINCO,2,C,106,,60,,45,,,,,16,,,59,102,,,,0
776,29,602,58,SANTA CATARINA AYOMETLA,1,B,135,,104,,77,,,,144,,,,4,,,,56,18
777,29,602,58,SANTA CATARINA AYOMETLA,1,C,139,,71,,112,,,,128,,,,1,,,,68,10
778,29,603,58,SANTA CATARINA AYOMETLA,1,B,94,,34,,54,,,,134,,,,2,,,,9,23
779,29,603,58,SANTA CATARINA AYOMETLA,1,C,127,,25,,65,,,,115,,,,4,,,,14,12
780,29,604,58,SANTA CATARINA AYOMETLA,1,B,121,,55,,57,,,,117,,,,3,,,,30,17
781,29,604,58,SANTA CATARINA AYOMETLA,1,C,121,,64,,58,,,,121,,,,10,,,,42,9
782,29,604,58,SANTA CATARINA AYOMETLA,2,C,113,,65,,35,,,,98,,,,4,,,,78,12
783,29,604,58,SANTA CATARINA AYOMETLA,3,C,156,,64,,40,,,,88,,,,7,,,,39,10
784,29,605,58,SANTA CATARINA AYOMETLA,1,B,85,,87,,48,,,,64,,,,7,,,,44,10
785,29,605,58,SANTA CATARINA AYOMETLA,1,C,103,,67,,46,,,,61,,,,5,,,,45,0
809,29,391,60,SANTA ISABEL XILOXOXTLA,1,B,83,,136,,233,,,,,,,,9,,,,,9
810,29,391,60,SANTA ISABEL XILOXOXTLA,1,C,107,,136,,238,,,,,,,,4,,,,,8
811,29,392,60,SANTA ISABEL XILOXOXTLA,1,B,70,,124,,153,,,,,,,,7,,,,,11
812,29,392,60,SANTA ISABEL XILOXOXTLA,1,C,67,,142,,167,,,,,,,,6,,,,,20
675,29,531,52,SAN JOSE TEACALCO,1,B,105,36,,,80,,,,,95,42,,12,,,,,10
676,29,531,52,SAN JOSE TEACALCO,1,C,97,35,,,87,,,,,89,34,,11,,,,,10
677,29,532,52,SAN JOSE TEACALCO,1,B,101,110,,,107,,,,,88,33,,3,,,,,8
678,29,533,52,SAN JOSE TEACALCO,1,B,135,86,,,80,,,,,83,29,,28,,,,,8
679,29,534,52,SAN JOSE TEACALCO,1,B,50,74,,,45,,,,,120,42,,7,,,,,9
680,29,534,52,SAN JOSE TEACALCO,1,C,69,65,,,61,,,,,107,74,,2,,,,,10
681,29,535,52,SAN JOSE TEACALCO,1,B,69,99,,,69,,,,,105,22,,14,,,,,12
661,29,158,50,SAN FRANCISCO TETLANOHCAN,1,B,152,,234,,42,,,,,21,,,26,,,,,16
662,29,158,50,SAN FRANCISCO TETLANOHCAN,1,C,134,,208,,55,,,,,16,,,25,,,,,13
663,29,158,50,SAN FRANCISCO TETLANOHCAN,2,C,135,,258,,38,,,,,22,,,14,,,,,7
664,29,158,50,SAN FRANCISCO TETLANOHCAN,3,C,164,,221,,28,,,,,20,,,19,,,,,13
665,29,159,50,SAN FRANCISCO TETLANOHCAN,1,B,184,,177,,47,,,,,27,,,28,,,,,0
666,29,159,50,SAN FRANCISCO TETLANOHCAN,1,C,180,,201,,34,,,,,18,,,35,,,,,13
667,29,159,50,SAN FRANCISCO TETLANOHCAN,2,C,144,,215,,40,,,,,40,,,22,,,,,10
668,29,160,50,SAN FRANCISCO TETLANOHCAN,1,B,181,,233,,66,,,,,35,,,15,,,,,9
669,29,160,50,SAN FRANCISCO TETLANOHCAN,1,C,243,,211,,39,,,,,22,,,20,,,,,24
670,29,160,50,SAN FRANCISCO TETLANOHCAN,2,C,182,,256,,37,,,,,25,,,13,,,,,18
517,29,150,48,LA MAGDALENA TLALTELULCO,1,B,17,45,,,20,,,,,3,15,,13,,,20,,1
518,29,150,48,LA MAGDALENA TLALTELULCO,1,C,16,42,,,22,,,,,9,18,,21,,,37,,4
519,29,151,48,LA MAGDALENA TLALTELULCO,1,B,94,62,,,112,,,,,44,0,,77,,,57,,13
520,29,151,48,LA MAGDALENA TLALTELULCO,1,C,85,56,,,81,,,,,38,85,,87,,,66,,11
521,29,151,48,LA MAGDALENA TLALTELULCO,2,C,86,86,,,92,,,,,61,49,,94,,,76,,0
522,29,151,48,LA MAGDALENA TLALTELULCO,3,C,102,35,,,90,,,,,62,53,,124,,,55,,10
523,29,151,48,LA MAGDALENA TLALTELULCO,4,C,89,48,,,79,,,,,61,77,,77,,,84,,19
524,29,152,48,LA MAGDALENA TLALTELULCO,1,B,81,74,,,79,,,,,36,159,,65,,,28,,13
525,29,152,48,LA MAGDALENA TLALTELULCO,1,C,93,62,,,66,,,,,50,172,,61,,,22,,20
526,29,152,48,LA MAGDALENA TLALTELULCO,2,C,71,38,,,68,,,,,47,164,,112,,,47,,14
527,29,153,48,LA MAGDALENA TLALTELULCO,1,B,44,64,,,71,,,,,35,45,,56,,,56,,19
528,29,153,48,LA MAGDALENA TLALTELULCO,1,C,59,61,,,113,,,,,39,36,,34,,,53,,20
529,29,154,48,LA MAGDALENA TLALTELULCO,1,B,98,50,,,88,,,,,37,42,,37,,,91,,15
530,29,154,48,LA MAGDALENA TLALTELULCO,1,C,82,49,,,68,,,,,58,46,,64,,,86,,14
531,29,155,48,LA MAGDALENA TLALTELULCO,1,B,76,68,,,62,,,,,41,69,,58,,,115,,12
532,29,155,48,LA MAGDALENA TLALTELULCO,1,C,79,69,,,63,,,,,50,57,,61,,,94,,16
655,29,429,49,SAN DAMIAN TEXOLOC,1,B,58,151,,,23,,,,,7,21,,,53,118,,,7
656,29,429,49,SAN DAMIAN TEXOLOC,1,C,67,158,,,13,,,,,9,29,,,24,93,,,11
657,29,429,49,SAN DAMIAN TEXOLOC,2,C,75,132,,,30,,,,,6,23,,,29,116,,,14
658,29,430,49,SAN DAMIAN TEXOLOC,1,B,76,153,,,18,,,,,12,20,,,36,134,,,15
659,29,430,49,SAN DAMIAN TEXOLOC,1,C,73,187,,,9,,,,,5,11,,,24,119,,,11
660,29,430,49,SAN DAMIAN TEXOLOC,2,C,63,178,,,4,,,,,16,22,,,25,150,,,8
347,29,400,46,EMILIANO ZAPATA,1,B,21,,8,,7,,,,7,,,14,3,,,,,10
348,29,401,46,EMILIANO ZAPATA,1,B,19,,26,,30,,,,10,,,29,0,,,,,12
349,29,607,46,EMILIANO ZAPATA,1,B,75,,78,,130,,,,18,,,30,9,,,,,31
350,29,607,46,EMILIANO ZAPATA,1,C,65,,73,,166,,,,6,,,148,6,,,,,13
351,29,607,46,EMILIANO ZAPATA,2,C,73,,79,,147,,,,16,,,145,11,,,,,17
352,29,608,46,EMILIANO ZAPATA,1,B,40,,58,,194,,,,35,,,67,39,,,,,23
533,29,402,47,LAZARO CARDENAS,1,B,35,,32,,6,,,,3,,,9,28,24,,24,,7
534,29,606,47,LAZARO CARDENAS,1,B,122,,82,,108,,,,15,,,45,26,150,,55,,17
535,29,606,47,LAZARO CARDENAS,1,C,109,,80,,163,,,,20,,,42,8,97,,60,,9
671,29,432,51,SAN JERONIMO ZACUALPAN,1,B,179,,68,,5,,,,,113,,,51,,7,,,13
672,29,432,51,SAN JERONIMO ZACUALPAN,1,C,136,,71,,15,,,,,139,,,71,,12,,,8
673,29,433,51,SAN JERONIMO ZACUALPAN,1,B,146,,50,,47,,,,,185,,,87,,,,,0
674,29,433,51,SAN JERONIMO ZACUALPAN,1,C,131,,69,,34,,,,,177,,,97,,18,,,10
692,29,551,55,SAN LUCAS TECOPILCO,1,B,169,,58,,28,,,,,101,,,23,100,,5,2,0
693,29,551,55,SAN LUCAS TECOPILCO,1,C,126,,61,,14,,,,,145,,,38,94,,6,2,13
694,29,552,55,SAN LUCAS TECOPILCO,1,B,88,,62,,2,,,,,82,,,12,50,,2,0,13
695,29,552,55,SAN LUCAS TECOPILCO,1,C,43,,81,,8,,,,,92,,,15,40,,7,0,11
765,29,254,56,SANTA ANA NOPALUCAN,1,B,230,,135,,87,,,,,7,,,19,86,,,,14
766,29,254,56,SANTA ANA NOPALUCAN,1,C,157,,134,,96,,,,,12,,,31,115,,,,0
767,29,254,56,SANTA ANA NOPALUCAN,2,C,189,,100,,92,,,,,8,,,25,113,,,,16
768,29,255,56,SANTA ANA NOPALUCAN,1,B,148,,101,,131,,,,,8,,,17,83,,,,23
769,29,255,56,SANTA ANA NOPALUCAN,1,C,139,,113,,152,,,,,7,,,15,68,,,,23
770,29,255,56,SANTA ANA NOPALUCAN,2,C,138,,115,,149,,,,,15,,,12,89,,,,35
688,29,586,54,SAN LORENZO AXOCOMANITLA,1,B,140,,72,,107,,,,,18,,,,168,,,,23
689,29,586,54,SAN LORENZO AXOCOMANITLA,1,C,159,,96,,74,,,,,16,,,,191,,,,15
690,29,587,54,SAN LORENZO AXOCOMANITLA,1,B,172,,73,,68,,,,,19,,,,207,,,,21
691,29,587,54,SAN LORENZO AXOCOMANITLA,1,C,154,,89,,85,,,,,40,,,,209,,,,20
153,29,295,45,BENITO JUAREZ,1,B,98,,197,,29,,,,52,,,98,37,,,,,14
154,29,295,45,BENITO JUAREZ,1,C,85,,238,,47,,,,48,,,75,30,,,,,7
155,29,295,45,BENITO JUAREZ,2,C,98,,191,,28,,,,30,,,99,45,,,,,14
156,29,296,45,BENITO JUAREZ,1,B,57,,180,,44,,,,21,,,114,52,,,,,16
157,29,296,45,BENITO JUAREZ,1,C,86,,183,,33,,,,30,,,140,47,,,,,10
